lesson_id,title,journey_field,defect_type,severity,evidence,recommended_fix,needs_source_pack
"7fe4e4f8-25d2-4aab-b06f-34120a06d946","Word Problems: Single Digit Addition","studentJourney","missing_correct_index","critical","Step 8: no correctIndex","set correctIndex","yes"
"7fe4e4f8-25d2-4aab-b06f-34120a06d946","Word Problems: Single Digit Addition","studentJourney","missing_svg","medium","No SVG illustration found in journey","add SVG illustrations","yes"
"7fe4e4f8-25d2-4aab-b06f-34120a06d946","Word Problems: Single Digit Addition","studentJourney","missing_video","low","No video URL in journey","add relevant YouTube video","yes"
"7993c880-07eb-4b67-b0de-71af2f600fef","Word Problems: 2-Digit and 1-Digit Addition","studentJourney","missing_correct_index","critical","Step 8: no correctIndex","set correctIndex","yes"
"7993c880-07eb-4b67-b0de-71af2f600fef","Word Problems: 2-Digit and 1-Digit Addition","studentJourney","missing_svg","medium","No SVG illustration found in journey","add SVG illustrations","yes"
"7993c880-07eb-4b67-b0de-71af2f600fef","Word Problems: 2-Digit and 1-Digit Addition","studentJourney","missing_video","low","No video URL in journey","add relevant YouTube video","yes"
"f9dd1dbb-250d-4591-af46-ad35e335d40c","Comparing Numbers","studentJourney","malformed_mcq_options","high","Step 8: MCQ has < 2 options","provide 4 answer options","yes"
"f9dd1dbb-250d-4591-af46-ad35e335d40c","Comparing Numbers","studentJourney","missing_correct_index","critical","Step 8: no correctIndex","set correctIndex","yes"
"f9dd1dbb-250d-4591-af46-ad35e335d40c","Comparing Numbers","studentJourney","missing_svg","medium","No SVG illustration found in journey","add SVG illustrations","yes"
"f9dd1dbb-250d-4591-af46-ad35e335d40c","Comparing Numbers","studentJourney","missing_video","low","No video URL in journey","add relevant YouTube video","yes"
"ed0039bc-67b7-4c7f-ba0b-76cc80030328","Counting Numbers to 100","studentJourneyDraft","wrong_step_count","high","11 steps (expected 10)","regenerate with 10-step template","no"
"ed0039bc-67b7-4c7f-ba0b-76cc80030328","Counting Numbers to 100","studentJourneyDraft","malformed_mcq_options","high","Step 9: MCQ has < 2 options","provide 4 answer options","yes"
"ed0039bc-67b7-4c7f-ba0b-76cc80030328","Counting Numbers to 100","studentJourneyDraft","missing_correct_index","critical","Step 9: no correctIndex","set correctIndex","yes"
"ed0039bc-67b7-4c7f-ba0b-76cc80030328","Counting Numbers to 100","studentJourneyDraft","missing_svg","medium","No SVG illustration found in journey","add SVG illustrations","yes"
"ed0039bc-67b7-4c7f-ba0b-76cc80030328","Counting Numbers to 100","studentJourney","malformed_mcq_options","high","Step 8: MCQ has < 2 options","provide 4 answer options","yes"
"ed0039bc-67b7-4c7f-ba0b-76cc80030328","Counting Numbers to 100","studentJourney","missing_correct_index","critical","Step 8: no correctIndex","set correctIndex","yes"
"ed0039bc-67b7-4c7f-ba0b-76cc80030328","Counting Numbers to 100","studentJourney","missing_svg","medium","No SVG illustration found in journey","add SVG illustrations","yes"
"95b7d152-18ab-4e3e-8114-19742f6839a0","Measuring Length in Metres/m","studentJourneyDraft","missing_correct_index","critical","Step 8: no correctIndex","set correctIndex","yes"
"95b7d152-18ab-4e3e-8114-19742f6839a0","Measuring Length in Metres/m","studentJourneyDraft","missing_svg","medium","No SVG illustration found in journey","add SVG illustrations","yes"
"95b7d152-18ab-4e3e-8114-19742f6839a0","Measuring Length in Metres/m","studentJourney","missing_correct_index","critical","Step 8: no correctIndex","set correctIndex","yes"
"95b7d152-18ab-4e3e-8114-19742f6839a0","Measuring Length in Metres/m","studentJourney","missing_svg","medium","No SVG illustration found in journey","add SVG illustrations","yes"
"7e886e8a-9486-430f-b035-12909bd581a6","Filling in Missing Numbers 1 to 50","studentJourneyDraft","generic_greeting","low","Step 1: generic welcome","use lesson-specific welcome","yes"
"853782ed-f7d2-4536-9665-cab6f525dbff","Filling in Missing Numbers 51 to 100","studentJourneyDraft","generic_greeting","low","Step 1: generic welcome","use lesson-specific welcome","yes"
"a9cb3164-32c1-4b8e-a0bd-a52b03fe4c94","Place Value: Ones and Tens","studentJourney","missing_correct_index","critical","Step 8: no correctIndex","set correctIndex","yes"
"a9cb3164-32c1-4b8e-a0bd-a52b03fe4c94","Place Value: Ones and Tens","studentJourney","missing_svg","medium","No SVG illustration found in journey","add SVG illustrations","yes"
"a9cb3164-32c1-4b8e-a0bd-a52b03fe4c94","Place Value: Ones and Tens","studentJourney","missing_video","low","No video URL in journey","add relevant YouTube video","yes"
"93a6b8a3-a810-4774-b24b-117c9d4ec841","Place Value: Hundreds","studentJourney","missing_correct_index","critical","Step 8: no correctIndex","set correctIndex","yes"
"93a6b8a3-a810-4774-b24b-117c9d4ec841","Place Value: Hundreds","studentJourney","missing_svg","medium","No SVG illustration found in journey","add SVG illustrations","yes"
"93a6b8a3-a810-4774-b24b-117c9d4ec841","Place Value: Hundreds","studentJourney","missing_video","low","No video URL in journey","add relevant YouTube video","yes"
"db4c0d2d-671b-4a12-975c-c76a3da956c9","Number Patterns: Completing Patterns up to 50","studentJourney","missing_correct_index","critical","Step 8: no correctIndex","set correctIndex","yes"
"db4c0d2d-671b-4a12-975c-c76a3da956c9","Number Patterns: Completing Patterns up to 50","studentJourney","missing_svg","medium","No SVG illustration found in journey","add SVG illustrations","yes"
"db4c0d2d-671b-4a12-975c-c76a3da956c9","Number Patterns: Completing Patterns up to 50","studentJourney","missing_video","low","No video URL in journey","add relevant YouTube video","yes"
"4cac57af-ad3f-4dc4-b6dc-a9c1bb57d59d","Number Patterns: Skip Counting by 2s","studentJourney","missing_correct_index","critical","Step 8: no correctIndex","set correctIndex","yes"
"4cac57af-ad3f-4dc4-b6dc-a9c1bb57d59d","Number Patterns: Skip Counting by 2s","studentJourney","missing_svg","medium","No SVG illustration found in journey","add SVG illustrations","yes"
"4cac57af-ad3f-4dc4-b6dc-a9c1bb57d59d","Number Patterns: Skip Counting by 2s","studentJourney","missing_video","low","No video URL in journey","add relevant YouTube video","yes"
"60572597-f1c3-42d8-aede-0f1198f8f484","Number Patterns: Skip Counting by 5s","studentJourney","missing_correct_index","critical","Step 8: no correctIndex","set correctIndex","yes"
"60572597-f1c3-42d8-aede-0f1198f8f484","Number Patterns: Skip Counting by 5s","studentJourney","missing_svg","medium","No SVG illustration found in journey","add SVG illustrations","yes"
"60572597-f1c3-42d8-aede-0f1198f8f484","Number Patterns: Skip Counting by 5s","studentJourney","missing_video","low","No video URL in journey","add relevant YouTube video","yes"
"edefbd62-e357-46fa-8311-cf1a17959cd9","Number Patterns: Skip Counting by 10s","studentJourney","missing_correct_index","critical","Step 8: no correctIndex","set correctIndex","yes"
"edefbd62-e357-46fa-8311-cf1a17959cd9","Number Patterns: Skip Counting by 10s","studentJourney","missing_svg","medium","No SVG illustration found in journey","add SVG illustrations","yes"
"edefbd62-e357-46fa-8311-cf1a17959cd9","Number Patterns: Skip Counting by 10s","studentJourney","missing_video","low","No video URL in journey","add relevant YouTube video","yes"
"326924a2-ea0e-4f05-833a-6f77a629d954","Number Line: Counting Forward","studentJourney","missing_correct_index","critical","Step 8: no correctIndex","set correctIndex","yes"
"326924a2-ea0e-4f05-833a-6f77a629d954","Number Line: Counting Forward","studentJourney","missing_svg","medium","No SVG illustration found in journey","add SVG illustrations","yes"
"326924a2-ea0e-4f05-833a-6f77a629d954","Number Line: Counting Forward","studentJourney","missing_video","low","No video URL in journey","add relevant YouTube video","yes"
"b607eeb5-45e9-4fda-9c60-1e85435fc1aa","Number Line: Counting Backward","studentJourney","missing_correct_index","critical","Step 8: no correctIndex","set correctIndex","yes"
"b607eeb5-45e9-4fda-9c60-1e85435fc1aa","Number Line: Counting Backward","studentJourney","missing_svg","medium","No SVG illustration found in journey","add SVG illustrations","yes"
"b607eeb5-45e9-4fda-9c60-1e85435fc1aa","Number Line: Counting Backward","studentJourney","missing_video","low","No video URL in journey","add relevant YouTube video","yes"
"9f5bfa58-7077-453a-afb8-736d7376c8a9","Number Line: Skip Counting","studentJourney","missing_correct_index","critical","Step 8: no correctIndex","set correctIndex","yes"
"9f5bfa58-7077-453a-afb8-736d7376c8a9","Number Line: Skip Counting","studentJourney","missing_svg","medium","No SVG illustration found in journey","add SVG illustrations","yes"
"9f5bfa58-7077-453a-afb8-736d7376c8a9","Number Line: Skip Counting","studentJourney","missing_video","low","No video URL in journey","add relevant YouTube video","yes"
"0767b9f0-4a75-4a27-b2a2-fa9833c8dae8","Introduction to Halves Using Rectangular Cut-outs","studentJourneyDraft","generic_greeting","low","Step 1: generic welcome","use lesson-specific welcome","yes"
"fb0c5c4f-519a-47d6-a021-2526d6d5a665","Number Patterns: Extending Patterns","studentJourney","missing_correct_index","critical","Step 8: no correctIndex","set correctIndex","yes"
"fb0c5c4f-519a-47d6-a021-2526d6d5a665","Number Patterns: Extending Patterns","studentJourney","missing_svg","medium","No SVG illustration found in journey","add SVG illustrations","yes"
"fb0c5c4f-519a-47d6-a021-2526d6d5a665","Number Patterns: Extending Patterns","studentJourney","missing_video","low","No video URL in journey","add relevant YouTube video","yes"
"839653eb-cd5e-405b-a483-b6d307fee352","Comparing Fractions: 1/2 and 1/4","studentJourneyDraft","missing_svg","medium","No SVG illustration found in journey","add SVG illustrations","yes"
"839653eb-cd5e-405b-a483-b6d307fee352","Comparing Fractions: 1/2 and 1/4","studentJourneyDraft","missing_video","low","No video URL in journey","add relevant YouTube video","yes"
"839653eb-cd5e-405b-a483-b6d307fee352","Comparing Fractions: 1/2 and 1/4","studentJourney","missing_svg","medium","No SVG illustration found in journey","add SVG illustrations","yes"
"839653eb-cd5e-405b-a483-b6d307fee352","Comparing Fractions: 1/2 and 1/4","studentJourney","missing_video","low","No video URL in journey","add relevant YouTube video","yes"
"b163de06-c0e5-4a42-8bce-ba7dcab330a9","Making Patterns with Fractions","studentJourneyDraft","generic_greeting","low","Step 1: generic welcome","use lesson-specific welcome","yes"
"dbadac3a-b59b-4f76-bebf-efda6fb3e261","Digital Games with Fractions","studentJourneyDraft","generic_greeting","low","Step 1: generic welcome","use lesson-specific welcome","yes"
"c71a49c8-e9c6-41e5-b6ef-ad0aa386a59f","Fractions: Practice and Application","studentJourneyDraft","missing_svg","medium","No SVG illustration found in journey","add SVG illustrations","yes"
"c71a49c8-e9c6-41e5-b6ef-ad0aa386a59f","Fractions: Practice and Application","studentJourneyDraft","missing_video","low","No video URL in journey","add relevant YouTube video","yes"
"c71a49c8-e9c6-41e5-b6ef-ad0aa386a59f","Fractions: Practice and Application","studentJourney","missing_svg","medium","No SVG illustration found in journey","add SVG illustrations","yes"
"c71a49c8-e9c6-41e5-b6ef-ad0aa386a59f","Fractions: Practice and Application","studentJourney","missing_video","low","No video URL in journey","add relevant YouTube video","yes"
"2e1869d6-f5df-46a1-9d02-b4b53a1062fe","Fractions: Assessment and Reflection","studentJourneyDraft","missing_svg","medium","No SVG illustration found in journey","add SVG illustrations","yes"
"2e1869d6-f5df-46a1-9d02-b4b53a1062fe","Fractions: Assessment and Reflection","studentJourneyDraft","missing_video","low","No video URL in journey","add relevant YouTube video","yes"
"2e1869d6-f5df-46a1-9d02-b4b53a1062fe","Fractions: Assessment and Reflection","studentJourney","missing_svg","medium","No SVG illustration found in journey","add SVG illustrations","yes"
"2e1869d6-f5df-46a1-9d02-b4b53a1062fe","Fractions: Assessment and Reflection","studentJourney","missing_video","low","No video URL in journey","add relevant YouTube video","yes"
"3b7a611d-0908-42c8-a0f2-394fdac48db3","Addition: Digital Games","studentJourney","missing_correct_index","critical","Step 8: no correctIndex","set correctIndex","yes"
"3b7a611d-0908-42c8-a0f2-394fdac48db3","Addition: Digital Games","studentJourney","missing_svg","medium","No SVG illustration found in journey","add SVG illustrations","yes"
"3b7a611d-0908-42c8-a0f2-394fdac48db3","Addition: Digital Games","studentJourney","missing_video","low","No video URL in journey","add relevant YouTube video","yes"
"0f23169f-b325-40a9-9145-488f5115142b","Addition: Word Problems with 2-Digit Numbers","studentJourney","missing_correct_index","critical","Step 8: no correctIndex","set correctIndex","yes"
"0f23169f-b325-40a9-9145-488f5115142b","Addition: Word Problems with 2-Digit Numbers","studentJourney","missing_svg","medium","No SVG illustration found in journey","add SVG illustrations","yes"
"0f23169f-b325-40a9-9145-488f5115142b","Addition: Word Problems with 2-Digit Numbers","studentJourney","missing_video","low","No video URL in journey","add relevant YouTube video","yes"
"4db719cc-28b2-4a24-82f3-71509f643d54","Addition: Assessment and Review","studentJourney","missing_correct_index","critical","Step 8: no correctIndex","set correctIndex","yes"
"4db719cc-28b2-4a24-82f3-71509f643d54","Addition: Assessment and Review","studentJourney","missing_svg","medium","No SVG illustration found in journey","add SVG illustrations","yes"
"4db719cc-28b2-4a24-82f3-71509f643d54","Addition: Assessment and Review","studentJourney","missing_video","low","No video URL in journey","add relevant YouTube video","yes"
"4da16052-0c43-48f6-8413-b802526461f0","Addition: Missing Numbers in Patterns","studentJourney","missing_correct_index","critical","Step 8: no correctIndex","set correctIndex","yes"
"4da16052-0c43-48f6-8413-b802526461f0","Addition: Missing Numbers in Patterns","studentJourney","qc_unrelated_to_topic","high","QC doesn't match addition topic","rewrite QC for addition","yes"
"4da16052-0c43-48f6-8413-b802526461f0","Addition: Missing Numbers in Patterns","studentJourney","missing_svg","medium","No SVG illustration found in journey","add SVG illustrations","yes"
"4da16052-0c43-48f6-8413-b802526461f0","Addition: Missing Numbers in Patterns","studentJourney","missing_video","low","No video URL in journey","add relevant YouTube video","yes"
"fe6f4998-52b5-40eb-8e39-2e8e3432b8ab","Addition: Creating Number Patterns","studentJourney","missing_correct_index","critical","Step 8: no correctIndex","set correctIndex","yes"
"fe6f4998-52b5-40eb-8e39-2e8e3432b8ab","Addition: Creating Number Patterns","studentJourney","qc_unrelated_to_topic","high","QC doesn't match addition topic","rewrite QC for addition","yes"
"fe6f4998-52b5-40eb-8e39-2e8e3432b8ab","Addition: Creating Number Patterns","studentJourney","missing_svg","medium","No SVG illustration found in journey","add SVG illustrations","yes"
"fe6f4998-52b5-40eb-8e39-2e8e3432b8ab","Addition: Creating Number Patterns","studentJourney","missing_video","low","No video URL in journey","add relevant YouTube video","yes"
"627e0732-926b-4f12-9f0c-a13f170e747a","Addition: Community Application","studentJourney","missing_correct_index","critical","Step 8: no correctIndex","set correctIndex","yes"
"627e0732-926b-4f12-9f0c-a13f170e747a","Addition: Community Application","studentJourney","missing_svg","medium","No SVG illustration found in journey","add SVG illustrations","yes"
"627e0732-926b-4f12-9f0c-a13f170e747a","Addition: Community Application","studentJourney","missing_video","low","No video URL in journey","add relevant YouTube video","yes"
"a669d5eb-9e51-4270-a439-7cd2568c5daf","Addition: Practice and Application","studentJourney","missing_correct_index","critical","Step 8: no correctIndex","set correctIndex","yes"
"a669d5eb-9e51-4270-a439-7cd2568c5daf","Addition: Practice and Application","studentJourney","missing_svg","medium","No SVG illustration found in journey","add SVG illustrations","yes"
"a669d5eb-9e51-4270-a439-7cd2568c5daf","Addition: Practice and Application","studentJourney","missing_video","low","No video URL in journey","add relevant YouTube video","yes"
"17d7857a-a622-4b09-8524-db7be78977f8","Subtracting 2-Digit Numbers Without Regrouping (Vertical)","studentJourneyDraft","qc_unrelated_to_topic","high","QC doesn't match subtraction topic","rewrite QC for subtraction","yes"
"b546d836-3292-48a1-b445-134e85b30e20","Subtracting 2-Digit Numbers Without Regrouping (Horizontal)","studentJourneyDraft","qc_unrelated_to_topic","high","QC doesn't match subtraction topic","rewrite QC for subtraction","yes"
"11d88b45-b1a6-4143-9c04-42e88e57d080","Subtracting Single Digit Numbers","studentJourneyDraft","qc_unrelated_to_topic","high","QC doesn't match subtraction topic","rewrite QC for subtraction","yes"
"bec50c90-2129-4275-8cdb-abb06296e4cf","Subtracting Using the Number Line","studentJourneyDraft","qc_unrelated_to_topic","high","QC doesn't match subtraction topic","rewrite QC for subtraction","yes"
"93e1418a-7f84-4a4c-864a-be2e6b12cdfb","Word Problems: Subtraction Within 100","studentJourney","missing_correct_index","critical","Step 8: no correctIndex","set correctIndex","yes"
"93e1418a-7f84-4a4c-864a-be2e6b12cdfb","Word Problems: Subtraction Within 100","studentJourney","qc_unrelated_to_topic","high","QC doesn't match subtraction topic","rewrite QC for subtraction","yes"
"93e1418a-7f84-4a4c-864a-be2e6b12cdfb","Word Problems: Subtraction Within 100","studentJourney","missing_svg","medium","No SVG illustration found in journey","add SVG illustrations","yes"
"93e1418a-7f84-4a4c-864a-be2e6b12cdfb","Word Problems: Subtraction Within 100","studentJourney","missing_video","low","No video URL in journey","add relevant YouTube video","yes"
"e20dbfd4-eba4-402d-8743-8e24e00475a2","Using Number Families for Subtraction","studentJourneyDraft","qc_unrelated_to_topic","high","QC doesn't match subtraction topic","rewrite QC for subtraction","yes"
"66cdd3b3-858d-4be2-a451-b2f2340bc852","Missing Numbers in Subtraction","studentJourneyDraft","qc_unrelated_to_topic","high","QC doesn't match subtraction topic","rewrite QC for subtraction","yes"
"a2c19258-4fce-4d87-bb6b-c92e5d79e3b2","Subtraction: Practice and Application","studentJourney","missing_correct_index","critical","Step 8: no correctIndex","set correctIndex","yes"
"a2c19258-4fce-4d87-bb6b-c92e5d79e3b2","Subtraction: Practice and Application","studentJourney","qc_unrelated_to_topic","high","QC doesn't match subtraction topic","rewrite QC for subtraction","yes"
"a2c19258-4fce-4d87-bb6b-c92e5d79e3b2","Subtraction: Practice and Application","studentJourney","missing_svg","medium","No SVG illustration found in journey","add SVG illustrations","yes"
"a2c19258-4fce-4d87-bb6b-c92e5d79e3b2","Subtraction: Practice and Application","studentJourney","missing_video","low","No video URL in journey","add relevant YouTube video","yes"
"a295ff53-4930-4a82-b76d-38b0f6acd3ec","Subtraction: Digital Games","studentJourney","missing_correct_index","critical","Step 8: no correctIndex","set correctIndex","yes"
"a295ff53-4930-4a82-b76d-38b0f6acd3ec","Subtraction: Digital Games","studentJourney","qc_unrelated_to_topic","high","QC doesn't match subtraction topic","rewrite QC for subtraction","yes"
"a295ff53-4930-4a82-b76d-38b0f6acd3ec","Subtraction: Digital Games","studentJourney","missing_svg","medium","No SVG illustration found in journey","add SVG illustrations","yes"
"a295ff53-4930-4a82-b76d-38b0f6acd3ec","Subtraction: Digital Games","studentJourney","missing_video","low","No video URL in journey","add relevant YouTube video","yes"
"c6bb3650-4995-47df-98ac-e3e34411aff4","Subtraction: Word Problems","studentJourney","missing_correct_index","critical","Step 8: no correctIndex","set correctIndex","yes"
"c6bb3650-4995-47df-98ac-e3e34411aff4","Subtraction: Word Problems","studentJourney","qc_unrelated_to_topic","high","QC doesn't match subtraction topic","rewrite QC for subtraction","yes"
"c6bb3650-4995-47df-98ac-e3e34411aff4","Subtraction: Word Problems","studentJourney","missing_svg","medium","No SVG illustration found in journey","add SVG illustrations","yes"
"c6bb3650-4995-47df-98ac-e3e34411aff4","Subtraction: Word Problems","studentJourney","missing_video","low","No video URL in journey","add relevant YouTube video","yes"
"7a0a98dd-9540-47fc-9fc5-7d8af38527df","Subtraction: Missing Numbers in Patterns","studentJourney","missing_correct_index","critical","Step 8: no correctIndex","set correctIndex","yes"
"7a0a98dd-9540-47fc-9fc5-7d8af38527df","Subtraction: Missing Numbers in Patterns","studentJourney","qc_unrelated_to_topic","high","QC doesn't match subtraction topic","rewrite QC for subtraction","yes"
"7a0a98dd-9540-47fc-9fc5-7d8af38527df","Subtraction: Missing Numbers in Patterns","studentJourney","missing_svg","medium","No SVG illustration found in journey","add SVG illustrations","yes"
"7a0a98dd-9540-47fc-9fc5-7d8af38527df","Subtraction: Missing Numbers in Patterns","studentJourney","missing_video","low","No video URL in journey","add relevant YouTube video","yes"
"23d35317-4c2b-4118-ae0e-11c80e8c85ea","Subtraction: Creating Patterns","studentJourney","missing_correct_index","critical","Step 8: no correctIndex","set correctIndex","yes"
"23d35317-4c2b-4118-ae0e-11c80e8c85ea","Subtraction: Creating Patterns","studentJourney","qc_unrelated_to_topic","high","QC doesn't match subtraction topic","rewrite QC for subtraction","yes"
"23d35317-4c2b-4118-ae0e-11c80e8c85ea","Subtraction: Creating Patterns","studentJourney","missing_svg","medium","No SVG illustration found in journey","add SVG illustrations","yes"
"23d35317-4c2b-4118-ae0e-11c80e8c85ea","Subtraction: Creating Patterns","studentJourney","missing_video","low","No video URL in journey","add relevant YouTube video","yes"
"85f7ad4c-a8d7-4aea-b5fc-b8d372d37a3f","Subtraction: Comparing Groups","studentJourney","missing_correct_index","critical","Step 8: no correctIndex","set correctIndex","yes"
"85f7ad4c-a8d7-4aea-b5fc-b8d372d37a3f","Subtraction: Comparing Groups","studentJourney","qc_unrelated_to_topic","high","QC doesn't match subtraction topic","rewrite QC for subtraction","yes"
"85f7ad4c-a8d7-4aea-b5fc-b8d372d37a3f","Subtraction: Comparing Groups","studentJourney","missing_svg","medium","No SVG illustration found in journey","add SVG illustrations","yes"
"85f7ad4c-a8d7-4aea-b5fc-b8d372d37a3f","Subtraction: Comparing Groups","studentJourney","missing_video","low","No video URL in journey","add relevant YouTube video","yes"
"54d40989-42ac-4220-9204-2a90fe73aa35","Subtraction: Community Service","studentJourney","missing_correct_index","critical","Step 8: no correctIndex","set correctIndex","yes"
"54d40989-42ac-4220-9204-2a90fe73aa35","Subtraction: Community Service","studentJourney","qc_unrelated_to_topic","high","QC doesn't match subtraction topic","rewrite QC for subtraction","yes"
"54d40989-42ac-4220-9204-2a90fe73aa35","Subtraction: Community Service","studentJourney","missing_svg","medium","No SVG illustration found in journey","add SVG illustrations","yes"
"54d40989-42ac-4220-9204-2a90fe73aa35","Subtraction: Community Service","studentJourney","missing_video","low","No video URL in journey","add relevant YouTube video","yes"
"01f283c3-2b7c-44ea-9d2a-8d7782a8cb1a","Subtraction: Review and Reflection","studentJourney","missing_correct_index","critical","Step 8: no correctIndex","set correctIndex","yes"
"01f283c3-2b7c-44ea-9d2a-8d7782a8cb1a","Subtraction: Review and Reflection","studentJourney","qc_unrelated_to_topic","high","QC doesn't match subtraction topic","rewrite QC for subtraction","yes"
"01f283c3-2b7c-44ea-9d2a-8d7782a8cb1a","Subtraction: Review and Reflection","studentJourney","missing_svg","medium","No SVG illustration found in journey","add SVG illustrations","yes"
"01f283c3-2b7c-44ea-9d2a-8d7782a8cb1a","Subtraction: Review and Reflection","studentJourney","missing_video","low","No video URL in journey","add relevant YouTube video","yes"
"f4dfc669-06e9-4bea-a6db-a8f601437f76","Subtraction: Final Assessment","studentJourney","missing_correct_index","critical","Step 8: no correctIndex","set correctIndex","yes"
"f4dfc669-06e9-4bea-a6db-a8f601437f76","Subtraction: Final Assessment","studentJourney","qc_unrelated_to_topic","high","QC doesn't match subtraction topic","rewrite QC for subtraction","yes"
"f4dfc669-06e9-4bea-a6db-a8f601437f76","Subtraction: Final Assessment","studentJourney","missing_svg","medium","No SVG illustration found in journey","add SVG illustrations","yes"
"f4dfc669-06e9-4bea-a6db-a8f601437f76","Subtraction: Final Assessment","studentJourney","missing_video","low","No video URL in journey","add relevant YouTube video","yes"
"0637d6e8-8325-403a-b44a-93f100d48c52","Multiplication: Practice and Application","studentJourney","missing_correct_index","critical","Step 8: no correctIndex","set correctIndex","yes"
"0637d6e8-8325-403a-b44a-93f100d48c52","Multiplication: Practice and Application","studentJourney","missing_svg","medium","No SVG illustration found in journey","add SVG illustrations","yes"
"0637d6e8-8325-403a-b44a-93f100d48c52","Multiplication: Practice and Application","studentJourney","missing_video","low","No video URL in journey","add relevant YouTube video","yes"
"6f189a13-23b4-49da-8acf-a103df240d45","Multiplication: Digital Games","studentJourney","missing_correct_index","critical","Step 8: no correctIndex","set correctIndex","yes"
"6f189a13-23b4-49da-8acf-a103df240d45","Multiplication: Digital Games","studentJourney","missing_svg","medium","No SVG illustration found in journey","add SVG illustrations","yes"
"6f189a13-23b4-49da-8acf-a103df240d45","Multiplication: Digital Games","studentJourney","missing_video","low","No video URL in journey","add relevant YouTube video","yes"
"22374453-e203-461f-bfab-d87b2fae59f0","Multiplication: Patterns and Arrays","studentJourney","missing_correct_index","critical","Step 8: no correctIndex","set correctIndex","yes"
"22374453-e203-461f-bfab-d87b2fae59f0","Multiplication: Patterns and Arrays","studentJourney","missing_svg","medium","No SVG illustration found in journey","add SVG illustrations","yes"
"22374453-e203-461f-bfab-d87b2fae59f0","Multiplication: Patterns and Arrays","studentJourney","missing_video","low","No video URL in journey","add relevant YouTube video","yes"
"aacd260b-3a71-4a37-8724-61a214487641","Multiplication: Assessment and Review","studentJourney","missing_correct_index","critical","Step 8: no correctIndex","set correctIndex","yes"
"aacd260b-3a71-4a37-8724-61a214487641","Multiplication: Assessment and Review","studentJourney","missing_svg","medium","No SVG illustration found in journey","add SVG illustrations","yes"
"aacd260b-3a71-4a37-8724-61a214487641","Multiplication: Assessment and Review","studentJourney","missing_video","low","No video URL in journey","add relevant YouTube video","yes"
"09d734a3-a5bc-4402-9d25-a842c5ccc1ea","Division as Equal Grouping","studentJourney","missing_correct_index","critical","Step 8: no correctIndex","set correctIndex","yes"
"09d734a3-a5bc-4402-9d25-a842c5ccc1ea","Division as Equal Grouping","studentJourney","missing_svg","medium","No SVG illustration found in journey","add SVG illustrations","yes"
"09d734a3-a5bc-4402-9d25-a842c5ccc1ea","Division as Equal Grouping","studentJourney","missing_video","low","No video URL in journey","add relevant YouTube video","yes"
"40dc0390-2570-45b8-8a37-72c3d49e0e68","Writing Division Sentences Using the ÷ Sign","studentJourney","missing_correct_index","critical","Step 8: no correctIndex","set correctIndex","yes"
"40dc0390-2570-45b8-8a37-72c3d49e0e68","Writing Division Sentences Using the ÷ Sign","studentJourney","missing_svg","medium","No SVG illustration found in journey","add SVG illustrations","yes"
"40dc0390-2570-45b8-8a37-72c3d49e0e68","Writing Division Sentences Using the ÷ Sign","studentJourney","missing_video","low","No video URL in journey","add relevant YouTube video","yes"
"e82fbc22-3f1b-458d-b4f4-0ab50064e6f6","Dividing Numbers up to 25 by 2 and 3","studentJourney","missing_correct_index","critical","Step 8: no correctIndex","set correctIndex","yes"
"e82fbc22-3f1b-458d-b4f4-0ab50064e6f6","Dividing Numbers up to 25 by 2 and 3","studentJourney","missing_svg","medium","No SVG illustration found in journey","add SVG illustrations","yes"
"e82fbc22-3f1b-458d-b4f4-0ab50064e6f6","Dividing Numbers up to 25 by 2 and 3","studentJourney","missing_video","low","No video URL in journey","add relevant YouTube video","yes"
"e740ce84-ae87-4282-bd10-d9335dd117c4","Division: Word Problems","studentJourney","missing_correct_index","critical","Step 8: no correctIndex","set correctIndex","yes"
"e740ce84-ae87-4282-bd10-d9335dd117c4","Division: Word Problems","studentJourney","missing_svg","medium","No SVG illustration found in journey","add SVG illustrations","yes"
"e740ce84-ae87-4282-bd10-d9335dd117c4","Division: Word Problems","studentJourney","missing_video","low","No video URL in journey","add relevant YouTube video","yes"
"85020d62-81c3-4efe-aef5-2abf8c37a5f3","Division: Digital Games","studentJourney","missing_correct_index","critical","Step 8: no correctIndex","set correctIndex","yes"
"85020d62-81c3-4efe-aef5-2abf8c37a5f3","Division: Digital Games","studentJourney","missing_svg","medium","No SVG illustration found in journey","add SVG illustrations","yes"
"85020d62-81c3-4efe-aef5-2abf8c37a5f3","Division: Digital Games","studentJourney","missing_video","low","No video URL in journey","add relevant YouTube video","yes"
"f18192e7-33d6-4b2b-9115-b882a36c9015","Division: Practice and Assessment","studentJourney","missing_correct_index","critical","Step 8: no correctIndex","set correctIndex","yes"
"f18192e7-33d6-4b2b-9115-b882a36c9015","Division: Practice and Assessment","studentJourney","missing_svg","medium","No SVG illustration found in journey","add SVG illustrations","yes"
"f18192e7-33d6-4b2b-9115-b882a36c9015","Division: Practice and Assessment","studentJourney","missing_video","low","No video URL in journey","add relevant YouTube video","yes"
"42331b00-d61d-4541-b7ed-8a7dca664484","Comparing Measurements Using Different Units","studentJourney","missing_correct_index","critical","Step 8: no correctIndex","set correctIndex","yes"
"42331b00-d61d-4541-b7ed-8a7dca664484","Comparing Measurements Using Different Units","studentJourney","missing_svg","medium","No SVG illustration found in journey","add SVG illustrations","yes"
"42331b00-d61d-4541-b7ed-8a7dca664484","Comparing Measurements Using Different Units","studentJourney","missing_video","low","No video URL in journey","add relevant YouTube video","yes"
"a0832964-1e92-4712-b621-0293fe0d1180","Introducing the Metre as a Standard Unit","studentJourney","missing_correct_index","critical","Step 8: no correctIndex","set correctIndex","yes"
"a0832964-1e92-4712-b621-0293fe0d1180","Introducing the Metre as a Standard Unit","studentJourney","missing_svg","medium","No SVG illustration found in journey","add SVG illustrations","yes"
"a0832964-1e92-4712-b621-0293fe0d1180","Introducing the Metre as a Standard Unit","studentJourney","missing_video","low","No video URL in journey","add relevant YouTube video","yes"
"871b6ab6-d91f-4590-ba55-c895971d4302","Making and Using 1-Metre Sticks","studentJourney","missing_correct_index","critical","Step 8: no correctIndex","set correctIndex","yes"
"871b6ab6-d91f-4590-ba55-c895971d4302","Making and Using 1-Metre Sticks","studentJourney","missing_svg","medium","No SVG illustration found in journey","add SVG illustrations","yes"
"871b6ab6-d91f-4590-ba55-c895971d4302","Making and Using 1-Metre Sticks","studentJourney","missing_video","low","No video URL in journey","add relevant YouTube video","yes"
"9512b162-b896-4329-8bdc-16f0d5b370df","Measuring Mass Using Fixed Units","studentJourney","missing_correct_index","critical","Step 8: no correctIndex","set correctIndex","yes"
"9512b162-b896-4329-8bdc-16f0d5b370df","Measuring Mass Using Fixed Units","studentJourney","missing_svg","medium","No SVG illustration found in journey","add SVG illustrations","yes"
"9512b162-b896-4329-8bdc-16f0d5b370df","Measuring Mass Using Fixed Units","studentJourney","missing_video","low","No video URL in journey","add relevant YouTube video","yes"
"e749a723-2f32-49fe-83f7-262f0b873aeb","Identifying the Kilogram as a Unit of Mass","studentJourney","missing_correct_index","critical","Step 8: no correctIndex","set correctIndex","yes"
"e749a723-2f32-49fe-83f7-262f0b873aeb","Identifying the Kilogram as a Unit of Mass","studentJourney","missing_svg","medium","No SVG illustration found in journey","add SVG illustrations","yes"
"e749a723-2f32-49fe-83f7-262f0b873aeb","Identifying the Kilogram as a Unit of Mass","studentJourney","missing_video","low","No video URL in journey","add relevant YouTube video","yes"
"aa83b63f-29b9-4b7d-b8cc-9621abdd8a16","Using a Beam Balance to Compare Mass","studentJourney","missing_correct_index","critical","Step 8: no correctIndex","set correctIndex","yes"
"aa83b63f-29b9-4b7d-b8cc-9621abdd8a16","Using a Beam Balance to Compare Mass","studentJourney","missing_svg","medium","No SVG illustration found in journey","add SVG illustrations","yes"
"aa83b63f-29b9-4b7d-b8cc-9621abdd8a16","Using a Beam Balance to Compare Mass","studentJourney","missing_video","low","No video URL in journey","add relevant YouTube video","yes"
"b9a13308-5e08-4251-95fd-251b25648e9b","Making and Using 1 Kilogram Reference Masses","studentJourney","missing_correct_index","critical","Step 8: no correctIndex","set correctIndex","yes"
"b9a13308-5e08-4251-95fd-251b25648e9b","Making and Using 1 Kilogram Reference Masses","studentJourney","missing_svg","medium","No SVG illustration found in journey","add SVG illustrations","yes"
"b9a13308-5e08-4251-95fd-251b25648e9b","Making and Using 1 Kilogram Reference Masses","studentJourney","missing_video","low","No video URL in journey","add relevant YouTube video","yes"
"3297344e-7e67-4efc-af9b-383168f9fd3a","Measuring Classroom Items in Kilograms","studentJourney","missing_correct_index","critical","Step 8: no correctIndex","set correctIndex","yes"
"3297344e-7e67-4efc-af9b-383168f9fd3a","Measuring Classroom Items in Kilograms","studentJourney","missing_svg","medium","No SVG illustration found in journey","add SVG illustrations","yes"
"3297344e-7e67-4efc-af9b-383168f9fd3a","Measuring Classroom Items in Kilograms","studentJourney","missing_video","low","No video URL in journey","add relevant YouTube video","yes"
"0e5d3dcf-fbde-4c5d-84b7-4ca3d4db44fe","Mass in Kilograms: Practice and Assessment","studentJourney","missing_correct_index","critical","Step 8: no correctIndex","set correctIndex","yes"
"0e5d3dcf-fbde-4c5d-84b7-4ca3d4db44fe","Mass in Kilograms: Practice and Assessment","studentJourney","missing_svg","medium","No SVG illustration found in journey","add SVG illustrations","yes"
"0e5d3dcf-fbde-4c5d-84b7-4ca3d4db44fe","Mass in Kilograms: Practice and Assessment","studentJourney","missing_video","low","No video URL in journey","add relevant YouTube video","yes"
"ba2b9cc1-9fd3-4cc6-9229-e25b88c6aef8","Filling Containers with 1 Litre Measures","studentJourney","missing_correct_index","critical","Step 8: no correctIndex","set correctIndex","yes"
"ba2b9cc1-9fd3-4cc6-9229-e25b88c6aef8","Filling Containers with 1 Litre Measures","studentJourney","missing_svg","medium","No SVG illustration found in journey","add SVG illustrations","yes"
"ba2b9cc1-9fd3-4cc6-9229-e25b88c6aef8","Filling Containers with 1 Litre Measures","studentJourney","missing_video","low","No video URL in journey","add relevant YouTube video","yes"
"25f1f6b8-e4b8-4446-9e6d-fcb0785ff025","Counting Litres Used to Fill Containers","studentJourney","missing_correct_index","critical","Step 8: no correctIndex","set correctIndex","yes"
"25f1f6b8-e4b8-4446-9e6d-fcb0785ff025","Counting Litres Used to Fill Containers","studentJourney","missing_svg","medium","No SVG illustration found in journey","add SVG illustrations","yes"
"25f1f6b8-e4b8-4446-9e6d-fcb0785ff025","Counting Litres Used to Fill Containers","studentJourney","missing_video","low","No video URL in journey","add relevant YouTube video","yes"
"11304516-aa21-46f2-8bff-64b8b78a4882","Measuring Capacity of Different Containers in Litres","studentJourney","missing_correct_index","critical","Step 8: no correctIndex","set correctIndex","yes"
"11304516-aa21-46f2-8bff-64b8b78a4882","Measuring Capacity of Different Containers in Litres","studentJourney","missing_svg","medium","No SVG illustration found in journey","add SVG illustrations","yes"
"11304516-aa21-46f2-8bff-64b8b78a4882","Measuring Capacity of Different Containers in Litres","studentJourney","missing_video","low","No video URL in journey","add relevant YouTube video","yes"
"bf762b59-ce71-49c2-a7a2-d13e83a559f8","Comparing Containers Using Litres","studentJourney","missing_correct_index","critical","Step 8: no correctIndex","set correctIndex","yes"
"bf762b59-ce71-49c2-a7a2-d13e83a559f8","Comparing Containers Using Litres","studentJourney","missing_svg","medium","No SVG illustration found in journey","add SVG illustrations","yes"
"bf762b59-ce71-49c2-a7a2-d13e83a559f8","Comparing Containers Using Litres","studentJourney","missing_video","low","No video URL in journey","add relevant YouTube video","yes"
"83586eb9-46fa-447f-8a4d-d2a733e8098d","Capacity in Litres: Real-Life Practice","studentJourney","missing_correct_index","critical","Step 8: no correctIndex","set correctIndex","yes"
"83586eb9-46fa-447f-8a4d-d2a733e8098d","Capacity in Litres: Real-Life Practice","studentJourney","missing_svg","medium","No SVG illustration found in journey","add SVG illustrations","yes"
"83586eb9-46fa-447f-8a4d-d2a733e8098d","Capacity in Litres: Real-Life Practice","studentJourney","missing_video","low","No video URL in journey","add relevant YouTube video","yes"
"f57f76e0-d89a-4008-9133-96307600775a","Capacity in Litres: Practice and Assessment","studentJourney","missing_correct_index","critical","Step 8: no correctIndex","set correctIndex","yes"
"f57f76e0-d89a-4008-9133-96307600775a","Capacity in Litres: Practice and Assessment","studentJourney","missing_svg","medium","No SVG illustration found in journey","add SVG illustrations","yes"
"f57f76e0-d89a-4008-9133-96307600775a","Capacity in Litres: Practice and Assessment","studentJourney","missing_video","low","No video URL in journey","add relevant YouTube video","yes"
"ffd55a4b-a06e-429a-a664-bd7d12b9d6e0","Months of the Year and Activities","studentJourney","missing_correct_index","critical","Step 8: no correctIndex","set correctIndex","yes"
"ffd55a4b-a06e-429a-a664-bd7d12b9d6e0","Months of the Year and Activities","studentJourney","missing_svg","medium","No SVG illustration found in journey","add SVG illustrations","yes"
"ffd55a4b-a06e-429a-a664-bd7d12b9d6e0","Months of the Year and Activities","studentJourney","missing_video","low","No video URL in journey","add relevant YouTube video","yes"
"f2a52e96-1524-4154-9984-67ec8ac37846","Number of Days in Each Month","studentJourney","missing_correct_index","critical","Step 8: no correctIndex","set correctIndex","yes"
"f2a52e96-1524-4154-9984-67ec8ac37846","Number of Days in Each Month","studentJourney","missing_svg","medium","No SVG illustration found in journey","add SVG illustrations","yes"
"f2a52e96-1524-4154-9984-67ec8ac37846","Number of Days in Each Month","studentJourney","missing_video","low","No video URL in journey","add relevant YouTube video","yes"
"3d62e0f4-74d5-4850-bad1-15c1764559e6","Measuring Time Using Arbitrary Units","studentJourney","missing_correct_index","critical","Step 8: no correctIndex","set correctIndex","yes"
"3d62e0f4-74d5-4850-bad1-15c1764559e6","Measuring Time Using Arbitrary Units","studentJourney","missing_svg","medium","No SVG illustration found in journey","add SVG illustrations","yes"
"3d62e0f4-74d5-4850-bad1-15c1764559e6","Measuring Time Using Arbitrary Units","studentJourney","missing_video","low","No video URL in journey","add relevant YouTube video","yes"
"27ee7818-cc7f-4094-9ad0-f1bc16adc146","Measuring Time Using Fixed Units","studentJourney","missing_correct_index","critical","Step 8: no correctIndex","set correctIndex","yes"
"27ee7818-cc7f-4094-9ad0-f1bc16adc146","Measuring Time Using Fixed Units","studentJourney","missing_svg","medium","No SVG illustration found in journey","add SVG illustrations","yes"
"27ee7818-cc7f-4094-9ad0-f1bc16adc146","Measuring Time Using Fixed Units","studentJourney","missing_video","low","No video URL in journey","add relevant YouTube video","yes"
"ce4ca0e3-368e-4f1f-90b4-4939805ef01d","Identifying the Clock Face","studentJourney","missing_correct_index","critical","Step 8: no correctIndex","set correctIndex","yes"
"ce4ca0e3-368e-4f1f-90b4-4939805ef01d","Identifying the Clock Face","studentJourney","missing_svg","medium","No SVG illustration found in journey","add SVG illustrations","yes"
"ce4ca0e3-368e-4f1f-90b4-4939805ef01d","Identifying the Clock Face","studentJourney","missing_video","low","No video URL in journey","add relevant YouTube video","yes"
"8100f021-2df1-4a31-a284-68ab3120536f","Hour Hand and Minute Hand","studentJourney","missing_correct_index","critical","Step 8: no correctIndex","set correctIndex","yes"
"8100f021-2df1-4a31-a284-68ab3120536f","Hour Hand and Minute Hand","studentJourney","missing_svg","medium","No SVG illustration found in journey","add SVG illustrations","yes"
"8100f021-2df1-4a31-a284-68ab3120536f","Hour Hand and Minute Hand","studentJourney","missing_video","low","No video URL in journey","add relevant YouTube video","yes"
"b95ac1a5-4ffc-45fa-9a97-9429d32ece97","Reading Time by the Hour on an Analogue Clock","studentJourney","missing_correct_index","critical","Step 8: no correctIndex","set correctIndex","yes"
"b95ac1a5-4ffc-45fa-9a97-9429d32ece97","Reading Time by the Hour on an Analogue Clock","studentJourney","missing_svg","medium","No SVG illustration found in journey","add SVG illustrations","yes"
"b95ac1a5-4ffc-45fa-9a97-9429d32ece97","Reading Time by the Hour on an Analogue Clock","studentJourney","missing_video","low","No video URL in journey","add relevant YouTube video","yes"
"af6cafca-2aa7-4dfe-9058-f61201f5fbb5","Writing Time by the Hour","studentJourney","missing_correct_index","critical","Step 8: no correctIndex","set correctIndex","yes"
"af6cafca-2aa7-4dfe-9058-f61201f5fbb5","Writing Time by the Hour","studentJourney","missing_svg","medium","No SVG illustration found in journey","add SVG illustrations","yes"
"af6cafca-2aa7-4dfe-9058-f61201f5fbb5","Writing Time by the Hour","studentJourney","missing_video","low","No video URL in journey","add relevant YouTube video","yes"
"b82e24ed-8fcf-41b6-a7eb-88b8cf9c33aa","Time by the Hour in Daily Life","studentJourney","missing_correct_index","critical","Step 8: no correctIndex","set correctIndex","yes"
"b82e24ed-8fcf-41b6-a7eb-88b8cf9c33aa","Time by the Hour in Daily Life","studentJourney","missing_svg","medium","No SVG illustration found in journey","add SVG illustrations","yes"
"b82e24ed-8fcf-41b6-a7eb-88b8cf9c33aa","Time by the Hour in Daily Life","studentJourney","missing_video","low","No video URL in journey","add relevant YouTube video","yes"
"736c02da-89a2-479f-80bc-87fca0d45683","Time: Practice and Assessment","studentJourney","missing_correct_index","critical","Step 8: no correctIndex","set correctIndex","yes"
"736c02da-89a2-479f-80bc-87fca0d45683","Time: Practice and Assessment","studentJourney","missing_svg","medium","No SVG illustration found in journey","add SVG illustrations","yes"
"736c02da-89a2-479f-80bc-87fca0d45683","Time: Practice and Assessment","studentJourney","missing_video","low","No video URL in journey","add relevant YouTube video","yes"
"5e85be83-a1bd-4083-9541-001314eab7c6","Sorting Coins and Notes by Features","studentJourney","missing_correct_index","critical","Step 8: no correctIndex","set correctIndex","yes"
"5e85be83-a1bd-4083-9541-001314eab7c6","Sorting Coins and Notes by Features","studentJourney","missing_svg","medium","No SVG illustration found in journey","add SVG illustrations","yes"
"5e85be83-a1bd-4083-9541-001314eab7c6","Sorting Coins and Notes by Features","studentJourney","missing_video","low","No video URL in journey","add relevant YouTube video","yes"
"286af17f-a512-49d7-af6d-e5655251f4ef","Counting Money: Sh.1, Sh.5 and Sh.10","studentJourney","missing_correct_index","critical","Step 8: no correctIndex","set correctIndex","yes"
"286af17f-a512-49d7-af6d-e5655251f4ef","Counting Money: Sh.1, Sh.5 and Sh.10","studentJourney","missing_svg","medium","No SVG illustration found in journey","add SVG illustrations","yes"
"286af17f-a512-49d7-af6d-e5655251f4ef","Counting Money: Sh.1, Sh.5 and Sh.10","studentJourney","missing_video","low","No video URL in journey","add relevant YouTube video","yes"
"e7fe9c54-78ef-40dd-8f1c-145becf4c069","Making the Same Amount in Different Denominations","studentJourney","missing_correct_index","critical","Step 8: no correctIndex","set correctIndex","yes"
"e7fe9c54-78ef-40dd-8f1c-145becf4c069","Making the Same Amount in Different Denominations","studentJourney","missing_svg","medium","No SVG illustration found in journey","add SVG illustrations","yes"
"e7fe9c54-78ef-40dd-8f1c-145becf4c069","Making the Same Amount in Different Denominations","studentJourney","missing_video","low","No video URL in journey","add relevant YouTube video","yes"
"d58def14-a976-4701-93b6-d4ace7a49976","Relating Money to Goods and Services","studentJourney","missing_correct_index","critical","Step 8: no correctIndex","set correctIndex","yes"
"d58def14-a976-4701-93b6-d4ace7a49976","Relating Money to Goods and Services","studentJourney","missing_svg","medium","No SVG illustration found in journey","add SVG illustrations","yes"
"d58def14-a976-4701-93b6-d4ace7a49976","Relating Money to Goods and Services","studentJourney","missing_video","low","No video URL in journey","add relevant YouTube video","yes"
"d1d348ad-ebb3-4924-8954-7a972f263716","Classroom Shop: Buying and Selling","studentJourney","missing_correct_index","critical","Step 8: no correctIndex","set correctIndex","yes"
"d1d348ad-ebb3-4924-8954-7a972f263716","Classroom Shop: Buying and Selling","studentJourney","missing_svg","medium","No SVG illustration found in journey","add SVG illustrations","yes"
"d1d348ad-ebb3-4924-8954-7a972f263716","Classroom Shop: Buying and Selling","studentJourney","missing_video","low","No video URL in journey","add relevant YouTube video","yes"
"f1a523d2-a0fb-43d7-8db9-2896598a9c05","Choosing What to Buy with Sh.100","studentJourney","missing_correct_index","critical","Step 8: no correctIndex","set correctIndex","yes"
"f1a523d2-a0fb-43d7-8db9-2896598a9c05","Choosing What to Buy with Sh.100","studentJourney","missing_svg","medium","No SVG illustration found in journey","add SVG illustrations","yes"
"f1a523d2-a0fb-43d7-8db9-2896598a9c05","Choosing What to Buy with Sh.100","studentJourney","missing_video","low","No video URL in journey","add relevant YouTube video","yes"
"e03ddcd9-227b-437d-93bb-5eafdc3a7a79","Money: Practice and Assessment","studentJourney","missing_correct_index","critical","Step 8: no correctIndex","set correctIndex","yes"
"e03ddcd9-227b-437d-93bb-5eafdc3a7a79","Money: Practice and Assessment","studentJourney","missing_svg","medium","No SVG illustration found in journey","add SVG illustrations","yes"
"e03ddcd9-227b-437d-93bb-5eafdc3a7a79","Money: Practice and Assessment","studentJourney","missing_video","low","No video URL in journey","add relevant YouTube video","yes"
"af79707c-74f4-403e-b704-06e777df3aac","Drawing Straight Lines","studentJourneyDraft","title_copying","low","Step 1: studentText contains lesson title","rewrite studentText","yes"
"af79707c-74f4-403e-b704-06e777df3aac","Drawing Straight Lines","studentJourneyDraft","title_copying","low","Step 2: studentText contains lesson title","rewrite studentText","yes"
"af79707c-74f4-403e-b704-06e777df3aac","Drawing Straight Lines","studentJourneyDraft","title_copying","low","Step 3: studentText contains lesson title","rewrite studentText","yes"
"af79707c-74f4-403e-b704-06e777df3aac","Drawing Straight Lines","studentJourneyDraft","title_copying","low","Step 4: studentText contains lesson title","rewrite studentText","yes"
"af79707c-74f4-403e-b704-06e777df3aac","Drawing Straight Lines","studentJourneyDraft","title_copying","low","Step 5: studentText contains lesson title","rewrite studentText","yes"
"af79707c-74f4-403e-b704-06e777df3aac","Drawing Straight Lines","studentJourneyDraft","title_copying","low","Step 6: studentText contains lesson title","rewrite studentText","yes"
"af79707c-74f4-403e-b704-06e777df3aac","Drawing Straight Lines","studentJourneyDraft","title_copying","low","Step 7: studentText contains lesson title","rewrite studentText","yes"
"af79707c-74f4-403e-b704-06e777df3aac","Drawing Straight Lines","studentJourneyDraft","title_copying","low","Step 8: studentText contains lesson title","rewrite studentText","yes"
"af79707c-74f4-403e-b704-06e777df3aac","Drawing Straight Lines","studentJourneyDraft","title_copying","low","Step 9: studentText contains lesson title","rewrite studentText","yes"
"af79707c-74f4-403e-b704-06e777df3aac","Drawing Straight Lines","studentJourneyDraft","title_copying","low","Step 10: studentText contains lesson title","rewrite studentText","yes"
"af79707c-74f4-403e-b704-06e777df3aac","Drawing Straight Lines","studentJourneyDraft","missing_svg","medium","No SVG illustration found in journey","add SVG illustrations","yes"
"af79707c-74f4-403e-b704-06e777df3aac","Drawing Straight Lines","studentJourneyDraft","missing_video","low","No video URL in journey","add relevant YouTube video","yes"
"af79707c-74f4-403e-b704-06e777df3aac","Drawing Straight Lines","studentJourney","title_copying","low","Step 1: studentText contains lesson title","rewrite studentText","yes"
"af79707c-74f4-403e-b704-06e777df3aac","Drawing Straight Lines","studentJourney","title_copying","low","Step 2: studentText contains lesson title","rewrite studentText","yes"
"af79707c-74f4-403e-b704-06e777df3aac","Drawing Straight Lines","studentJourney","title_copying","low","Step 3: studentText contains lesson title","rewrite studentText","yes"
"af79707c-74f4-403e-b704-06e777df3aac","Drawing Straight Lines","studentJourney","title_copying","low","Step 4: studentText contains lesson title","rewrite studentText","yes"
"af79707c-74f4-403e-b704-06e777df3aac","Drawing Straight Lines","studentJourney","title_copying","low","Step 5: studentText contains lesson title","rewrite studentText","yes"
"af79707c-74f4-403e-b704-06e777df3aac","Drawing Straight Lines","studentJourney","title_copying","low","Step 6: studentText contains lesson title","rewrite studentText","yes"
"af79707c-74f4-403e-b704-06e777df3aac","Drawing Straight Lines","studentJourney","title_copying","low","Step 7: studentText contains lesson title","rewrite studentText","yes"
"af79707c-74f4-403e-b704-06e777df3aac","Drawing Straight Lines","studentJourney","title_copying","low","Step 8: studentText contains lesson title","rewrite studentText","yes"
"af79707c-74f4-403e-b704-06e777df3aac","Drawing Straight Lines","studentJourney","title_copying","low","Step 9: studentText contains lesson title","rewrite studentText","yes"
"af79707c-74f4-403e-b704-06e777df3aac","Drawing Straight Lines","studentJourney","title_copying","low","Step 10: studentText contains lesson title","rewrite studentText","yes"
"af79707c-74f4-403e-b704-06e777df3aac","Drawing Straight Lines","studentJourney","missing_svg","medium","No SVG illustration found in journey","add SVG illustrations","yes"
"af79707c-74f4-403e-b704-06e777df3aac","Drawing Straight Lines","studentJourney","missing_video","low","No video URL in journey","add relevant YouTube video","yes"
"597dfffc-1983-4c17-afb9-fd7162e73fb8","Lines in the Environment: Practice and Assessment","studentJourneyDraft","missing_svg","medium","No SVG illustration found in journey","add SVG illustrations","yes"
"597dfffc-1983-4c17-afb9-fd7162e73fb8","Lines in the Environment: Practice and Assessment","studentJourneyDraft","missing_video","low","No video URL in journey","add relevant YouTube video","yes"
"597dfffc-1983-4c17-afb9-fd7162e73fb8","Lines in the Environment: Practice and Assessment","studentJourney","missing_svg","medium","No SVG illustration found in journey","add SVG illustrations","yes"
"597dfffc-1983-4c17-afb9-fd7162e73fb8","Lines in the Environment: Practice and Assessment","studentJourney","missing_video","low","No video URL in journey","add relevant YouTube video","yes"
"0aec1d3b-7635-46fe-b4af-3a50a38dae65","Modelling Straight Lines","studentJourneyDraft","title_copying","low","Step 1: studentText contains lesson title","rewrite studentText","yes"
"0aec1d3b-7635-46fe-b4af-3a50a38dae65","Modelling Straight Lines","studentJourneyDraft","title_copying","low","Step 2: studentText contains lesson title","rewrite studentText","yes"
"0aec1d3b-7635-46fe-b4af-3a50a38dae65","Modelling Straight Lines","studentJourneyDraft","title_copying","low","Step 3: studentText contains lesson title","rewrite studentText","yes"
"0aec1d3b-7635-46fe-b4af-3a50a38dae65","Modelling Straight Lines","studentJourneyDraft","title_copying","low","Step 4: studentText contains lesson title","rewrite studentText","yes"
"0aec1d3b-7635-46fe-b4af-3a50a38dae65","Modelling Straight Lines","studentJourneyDraft","title_copying","low","Step 5: studentText contains lesson title","rewrite studentText","yes"
"0aec1d3b-7635-46fe-b4af-3a50a38dae65","Modelling Straight Lines","studentJourneyDraft","title_copying","low","Step 6: studentText contains lesson title","rewrite studentText","yes"
"0aec1d3b-7635-46fe-b4af-3a50a38dae65","Modelling Straight Lines","studentJourneyDraft","title_copying","low","Step 7: studentText contains lesson title","rewrite studentText","yes"
"0aec1d3b-7635-46fe-b4af-3a50a38dae65","Modelling Straight Lines","studentJourneyDraft","title_copying","low","Step 8: studentText contains lesson title","rewrite studentText","yes"
"0aec1d3b-7635-46fe-b4af-3a50a38dae65","Modelling Straight Lines","studentJourneyDraft","title_copying","low","Step 9: studentText contains lesson title","rewrite studentText","yes"
"0aec1d3b-7635-46fe-b4af-3a50a38dae65","Modelling Straight Lines","studentJourneyDraft","title_copying","low","Step 10: studentText contains lesson title","rewrite studentText","yes"
"0aec1d3b-7635-46fe-b4af-3a50a38dae65","Modelling Straight Lines","studentJourneyDraft","missing_svg","medium","No SVG illustration found in journey","add SVG illustrations","yes"
"0aec1d3b-7635-46fe-b4af-3a50a38dae65","Modelling Straight Lines","studentJourneyDraft","missing_video","low","No video URL in journey","add relevant YouTube video","yes"
"0aec1d3b-7635-46fe-b4af-3a50a38dae65","Modelling Straight Lines","studentJourney","title_copying","low","Step 1: studentText contains lesson title","rewrite studentText","yes"
"0aec1d3b-7635-46fe-b4af-3a50a38dae65","Modelling Straight Lines","studentJourney","title_copying","low","Step 2: studentText contains lesson title","rewrite studentText","yes"
"0aec1d3b-7635-46fe-b4af-3a50a38dae65","Modelling Straight Lines","studentJourney","title_copying","low","Step 3: studentText contains lesson title","rewrite studentText","yes"
"0aec1d3b-7635-46fe-b4af-3a50a38dae65","Modelling Straight Lines","studentJourney","title_copying","low","Step 4: studentText contains lesson title","rewrite studentText","yes"
"0aec1d3b-7635-46fe-b4af-3a50a38dae65","Modelling Straight Lines","studentJourney","title_copying","low","Step 5: studentText contains lesson title","rewrite studentText","yes"
"0aec1d3b-7635-46fe-b4af-3a50a38dae65","Modelling Straight Lines","studentJourney","title_copying","low","Step 6: studentText contains lesson title","rewrite studentText","yes"
"0aec1d3b-7635-46fe-b4af-3a50a38dae65","Modelling Straight Lines","studentJourney","title_copying","low","Step 7: studentText contains lesson title","rewrite studentText","yes"
"0aec1d3b-7635-46fe-b4af-3a50a38dae65","Modelling Straight Lines","studentJourney","title_copying","low","Step 8: studentText contains lesson title","rewrite studentText","yes"
"0aec1d3b-7635-46fe-b4af-3a50a38dae65","Modelling Straight Lines","studentJourney","title_copying","low","Step 9: studentText contains lesson title","rewrite studentText","yes"
"0aec1d3b-7635-46fe-b4af-3a50a38dae65","Modelling Straight Lines","studentJourney","title_copying","low","Step 10: studentText contains lesson title","rewrite studentText","yes"
"0aec1d3b-7635-46fe-b4af-3a50a38dae65","Modelling Straight Lines","studentJourney","missing_svg","medium","No SVG illustration found in journey","add SVG illustrations","yes"
"0aec1d3b-7635-46fe-b4af-3a50a38dae65","Modelling Straight Lines","studentJourney","missing_video","low","No video URL in journey","add relevant YouTube video","yes"
"10f674d4-3f62-4f9e-9008-1d1eb825595a","Modelling Curved Lines","studentJourneyDraft","title_copying","low","Step 1: studentText contains lesson title","rewrite studentText","yes"
"10f674d4-3f62-4f9e-9008-1d1eb825595a","Modelling Curved Lines","studentJourneyDraft","title_copying","low","Step 2: studentText contains lesson title","rewrite studentText","yes"
"10f674d4-3f62-4f9e-9008-1d1eb825595a","Modelling Curved Lines","studentJourneyDraft","title_copying","low","Step 3: studentText contains lesson title","rewrite studentText","yes"
"10f674d4-3f62-4f9e-9008-1d1eb825595a","Modelling Curved Lines","studentJourneyDraft","title_copying","low","Step 4: studentText contains lesson title","rewrite studentText","yes"
"10f674d4-3f62-4f9e-9008-1d1eb825595a","Modelling Curved Lines","studentJourneyDraft","title_copying","low","Step 5: studentText contains lesson title","rewrite studentText","yes"
"10f674d4-3f62-4f9e-9008-1d1eb825595a","Modelling Curved Lines","studentJourneyDraft","title_copying","low","Step 6: studentText contains lesson title","rewrite studentText","yes"
"10f674d4-3f62-4f9e-9008-1d1eb825595a","Modelling Curved Lines","studentJourneyDraft","title_copying","low","Step 7: studentText contains lesson title","rewrite studentText","yes"
"10f674d4-3f62-4f9e-9008-1d1eb825595a","Modelling Curved Lines","studentJourneyDraft","title_copying","low","Step 8: studentText contains lesson title","rewrite studentText","yes"
"10f674d4-3f62-4f9e-9008-1d1eb825595a","Modelling Curved Lines","studentJourneyDraft","title_copying","low","Step 9: studentText contains lesson title","rewrite studentText","yes"
"10f674d4-3f62-4f9e-9008-1d1eb825595a","Modelling Curved Lines","studentJourneyDraft","title_copying","low","Step 10: studentText contains lesson title","rewrite studentText","yes"
"10f674d4-3f62-4f9e-9008-1d1eb825595a","Modelling Curved Lines","studentJourneyDraft","missing_svg","medium","No SVG illustration found in journey","add SVG illustrations","yes"
"10f674d4-3f62-4f9e-9008-1d1eb825595a","Modelling Curved Lines","studentJourneyDraft","missing_video","low","No video URL in journey","add relevant YouTube video","yes"
"10f674d4-3f62-4f9e-9008-1d1eb825595a","Modelling Curved Lines","studentJourney","title_copying","low","Step 1: studentText contains lesson title","rewrite studentText","yes"
"10f674d4-3f62-4f9e-9008-1d1eb825595a","Modelling Curved Lines","studentJourney","title_copying","low","Step 2: studentText contains lesson title","rewrite studentText","yes"
"10f674d4-3f62-4f9e-9008-1d1eb825595a","Modelling Curved Lines","studentJourney","title_copying","low","Step 3: studentText contains lesson title","rewrite studentText","yes"
"10f674d4-3f62-4f9e-9008-1d1eb825595a","Modelling Curved Lines","studentJourney","title_copying","low","Step 4: studentText contains lesson title","rewrite studentText","yes"
"10f674d4-3f62-4f9e-9008-1d1eb825595a","Modelling Curved Lines","studentJourney","title_copying","low","Step 5: studentText contains lesson title","rewrite studentText","yes"
"10f674d4-3f62-4f9e-9008-1d1eb825595a","Modelling Curved Lines","studentJourney","title_copying","low","Step 6: studentText contains lesson title","rewrite studentText","yes"
"10f674d4-3f62-4f9e-9008-1d1eb825595a","Modelling Curved Lines","studentJourney","title_copying","low","Step 7: studentText contains lesson title","rewrite studentText","yes"
"10f674d4-3f62-4f9e-9008-1d1eb825595a","Modelling Curved Lines","studentJourney","title_copying","low","Step 8: studentText contains lesson title","rewrite studentText","yes"
"10f674d4-3f62-4f9e-9008-1d1eb825595a","Modelling Curved Lines","studentJourney","title_copying","low","Step 9: studentText contains lesson title","rewrite studentText","yes"
"10f674d4-3f62-4f9e-9008-1d1eb825595a","Modelling Curved Lines","studentJourney","title_copying","low","Step 10: studentText contains lesson title","rewrite studentText","yes"
"10f674d4-3f62-4f9e-9008-1d1eb825595a","Modelling Curved Lines","studentJourney","missing_svg","medium","No SVG illustration found in journey","add SVG illustrations","yes"
"10f674d4-3f62-4f9e-9008-1d1eb825595a","Modelling Curved Lines","studentJourney","missing_video","low","No video URL in journey","add relevant YouTube video","yes"
"44ff5ced-66a0-401b-89df-47566ae901a8","Sorting and Grouping Five Shapes","studentJourneyDraft","title_copying","low","Step 1: studentText contains lesson title","rewrite studentText","yes"
"44ff5ced-66a0-401b-89df-47566ae901a8","Sorting and Grouping Five Shapes","studentJourneyDraft","title_copying","low","Step 2: studentText contains lesson title","rewrite studentText","yes"
"44ff5ced-66a0-401b-89df-47566ae901a8","Sorting and Grouping Five Shapes","studentJourneyDraft","title_copying","low","Step 3: studentText contains lesson title","rewrite studentText","yes"
"44ff5ced-66a0-401b-89df-47566ae901a8","Sorting and Grouping Five Shapes","studentJourneyDraft","title_copying","low","Step 4: studentText contains lesson title","rewrite studentText","yes"
"44ff5ced-66a0-401b-89df-47566ae901a8","Sorting and Grouping Five Shapes","studentJourneyDraft","title_copying","low","Step 5: studentText contains lesson title","rewrite studentText","yes"
"44ff5ced-66a0-401b-89df-47566ae901a8","Sorting and Grouping Five Shapes","studentJourneyDraft","title_copying","low","Step 6: studentText contains lesson title","rewrite studentText","yes"
"44ff5ced-66a0-401b-89df-47566ae901a8","Sorting and Grouping Five Shapes","studentJourneyDraft","title_copying","low","Step 7: studentText contains lesson title","rewrite studentText","yes"
"44ff5ced-66a0-401b-89df-47566ae901a8","Sorting and Grouping Five Shapes","studentJourneyDraft","title_copying","low","Step 8: studentText contains lesson title","rewrite studentText","yes"
"44ff5ced-66a0-401b-89df-47566ae901a8","Sorting and Grouping Five Shapes","studentJourneyDraft","title_copying","low","Step 9: studentText contains lesson title","rewrite studentText","yes"
"44ff5ced-66a0-401b-89df-47566ae901a8","Sorting and Grouping Five Shapes","studentJourneyDraft","title_copying","low","Step 10: studentText contains lesson title","rewrite studentText","yes"
"44ff5ced-66a0-401b-89df-47566ae901a8","Sorting and Grouping Five Shapes","studentJourneyDraft","missing_svg","medium","No SVG illustration found in journey","add SVG illustrations","yes"
"44ff5ced-66a0-401b-89df-47566ae901a8","Sorting and Grouping Five Shapes","studentJourneyDraft","missing_video","low","No video URL in journey","add relevant YouTube video","yes"
"44ff5ced-66a0-401b-89df-47566ae901a8","Sorting and Grouping Five Shapes","studentJourney","title_copying","low","Step 1: studentText contains lesson title","rewrite studentText","yes"
"44ff5ced-66a0-401b-89df-47566ae901a8","Sorting and Grouping Five Shapes","studentJourney","title_copying","low","Step 2: studentText contains lesson title","rewrite studentText","yes"
"44ff5ced-66a0-401b-89df-47566ae901a8","Sorting and Grouping Five Shapes","studentJourney","title_copying","low","Step 3: studentText contains lesson title","rewrite studentText","yes"
"44ff5ced-66a0-401b-89df-47566ae901a8","Sorting and Grouping Five Shapes","studentJourney","title_copying","low","Step 4: studentText contains lesson title","rewrite studentText","yes"
"44ff5ced-66a0-401b-89df-47566ae901a8","Sorting and Grouping Five Shapes","studentJourney","title_copying","low","Step 5: studentText contains lesson title","rewrite studentText","yes"
"44ff5ced-66a0-401b-89df-47566ae901a8","Sorting and Grouping Five Shapes","studentJourney","title_copying","low","Step 6: studentText contains lesson title","rewrite studentText","yes"
"44ff5ced-66a0-401b-89df-47566ae901a8","Sorting and Grouping Five Shapes","studentJourney","title_copying","low","Step 7: studentText contains lesson title","rewrite studentText","yes"
"44ff5ced-66a0-401b-89df-47566ae901a8","Sorting and Grouping Five Shapes","studentJourney","title_copying","low","Step 8: studentText contains lesson title","rewrite studentText","yes"
"44ff5ced-66a0-401b-89df-47566ae901a8","Sorting and Grouping Five Shapes","studentJourney","title_copying","low","Step 9: studentText contains lesson title","rewrite studentText","yes"
"44ff5ced-66a0-401b-89df-47566ae901a8","Sorting and Grouping Five Shapes","studentJourney","title_copying","low","Step 10: studentText contains lesson title","rewrite studentText","yes"
"44ff5ced-66a0-401b-89df-47566ae901a8","Sorting and Grouping Five Shapes","studentJourney","missing_svg","medium","No SVG illustration found in journey","add SVG illustrations","yes"
"44ff5ced-66a0-401b-89df-47566ae901a8","Sorting and Grouping Five Shapes","studentJourney","missing_video","low","No video URL in journey","add relevant YouTube video","yes"
"b1612ed2-525f-4f6c-a81b-48a7d9836a7e","Lines That Make Different Shapes","studentJourneyDraft","title_copying","low","Step 1: studentText contains lesson title","rewrite studentText","yes"
"b1612ed2-525f-4f6c-a81b-48a7d9836a7e","Lines That Make Different Shapes","studentJourneyDraft","title_copying","low","Step 2: studentText contains lesson title","rewrite studentText","yes"
"b1612ed2-525f-4f6c-a81b-48a7d9836a7e","Lines That Make Different Shapes","studentJourneyDraft","title_copying","low","Step 3: studentText contains lesson title","rewrite studentText","yes"
"b1612ed2-525f-4f6c-a81b-48a7d9836a7e","Lines That Make Different Shapes","studentJourneyDraft","title_copying","low","Step 4: studentText contains lesson title","rewrite studentText","yes"
"b1612ed2-525f-4f6c-a81b-48a7d9836a7e","Lines That Make Different Shapes","studentJourneyDraft","title_copying","low","Step 5: studentText contains lesson title","rewrite studentText","yes"
"b1612ed2-525f-4f6c-a81b-48a7d9836a7e","Lines That Make Different Shapes","studentJourneyDraft","title_copying","low","Step 6: studentText contains lesson title","rewrite studentText","yes"
"b1612ed2-525f-4f6c-a81b-48a7d9836a7e","Lines That Make Different Shapes","studentJourneyDraft","title_copying","low","Step 7: studentText contains lesson title","rewrite studentText","yes"
"b1612ed2-525f-4f6c-a81b-48a7d9836a7e","Lines That Make Different Shapes","studentJourneyDraft","title_copying","low","Step 8: studentText contains lesson title","rewrite studentText","yes"
"b1612ed2-525f-4f6c-a81b-48a7d9836a7e","Lines That Make Different Shapes","studentJourneyDraft","title_copying","low","Step 9: studentText contains lesson title","rewrite studentText","yes"
"b1612ed2-525f-4f6c-a81b-48a7d9836a7e","Lines That Make Different Shapes","studentJourneyDraft","title_copying","low","Step 10: studentText contains lesson title","rewrite studentText","yes"
"b1612ed2-525f-4f6c-a81b-48a7d9836a7e","Lines That Make Different Shapes","studentJourneyDraft","missing_svg","medium","No SVG illustration found in journey","add SVG illustrations","yes"
"b1612ed2-525f-4f6c-a81b-48a7d9836a7e","Lines That Make Different Shapes","studentJourneyDraft","missing_video","low","No video URL in journey","add relevant YouTube video","yes"
"b1612ed2-525f-4f6c-a81b-48a7d9836a7e","Lines That Make Different Shapes","studentJourney","title_copying","low","Step 1: studentText contains lesson title","rewrite studentText","yes"
"b1612ed2-525f-4f6c-a81b-48a7d9836a7e","Lines That Make Different Shapes","studentJourney","title_copying","low","Step 2: studentText contains lesson title","rewrite studentText","yes"
"b1612ed2-525f-4f6c-a81b-48a7d9836a7e","Lines That Make Different Shapes","studentJourney","title_copying","low","Step 3: studentText contains lesson title","rewrite studentText","yes"
"b1612ed2-525f-4f6c-a81b-48a7d9836a7e","Lines That Make Different Shapes","studentJourney","title_copying","low","Step 4: studentText contains lesson title","rewrite studentText","yes"
"b1612ed2-525f-4f6c-a81b-48a7d9836a7e","Lines That Make Different Shapes","studentJourney","title_copying","low","Step 5: studentText contains lesson title","rewrite studentText","yes"
"b1612ed2-525f-4f6c-a81b-48a7d9836a7e","Lines That Make Different Shapes","studentJourney","title_copying","low","Step 6: studentText contains lesson title","rewrite studentText","yes"
"b1612ed2-525f-4f6c-a81b-48a7d9836a7e","Lines That Make Different Shapes","studentJourney","title_copying","low","Step 7: studentText contains lesson title","rewrite studentText","yes"
"b1612ed2-525f-4f6c-a81b-48a7d9836a7e","Lines That Make Different Shapes","studentJourney","title_copying","low","Step 8: studentText contains lesson title","rewrite studentText","yes"
"b1612ed2-525f-4f6c-a81b-48a7d9836a7e","Lines That Make Different Shapes","studentJourney","title_copying","low","Step 9: studentText contains lesson title","rewrite studentText","yes"
"b1612ed2-525f-4f6c-a81b-48a7d9836a7e","Lines That Make Different Shapes","studentJourney","title_copying","low","Step 10: studentText contains lesson title","rewrite studentText","yes"
"b1612ed2-525f-4f6c-a81b-48a7d9836a7e","Lines That Make Different Shapes","studentJourney","missing_svg","medium","No SVG illustration found in journey","add SVG illustrations","yes"
"b1612ed2-525f-4f6c-a81b-48a7d9836a7e","Lines That Make Different Shapes","studentJourney","missing_video","low","No video URL in journey","add relevant YouTube video","yes"
"814cf15e-80ae-4778-8c55-1f99ccb5f5ae","Making Patterns with Five Shapes","studentJourneyDraft","title_copying","low","Step 1: studentText contains lesson title","rewrite studentText","yes"
"814cf15e-80ae-4778-8c55-1f99ccb5f5ae","Making Patterns with Five Shapes","studentJourneyDraft","title_copying","low","Step 2: studentText contains lesson title","rewrite studentText","yes"
"814cf15e-80ae-4778-8c55-1f99ccb5f5ae","Making Patterns with Five Shapes","studentJourneyDraft","title_copying","low","Step 3: studentText contains lesson title","rewrite studentText","yes"
"814cf15e-80ae-4778-8c55-1f99ccb5f5ae","Making Patterns with Five Shapes","studentJourneyDraft","title_copying","low","Step 4: studentText contains lesson title","rewrite studentText","yes"
"814cf15e-80ae-4778-8c55-1f99ccb5f5ae","Making Patterns with Five Shapes","studentJourneyDraft","title_copying","low","Step 5: studentText contains lesson title","rewrite studentText","yes"
"814cf15e-80ae-4778-8c55-1f99ccb5f5ae","Making Patterns with Five Shapes","studentJourneyDraft","title_copying","low","Step 6: studentText contains lesson title","rewrite studentText","yes"
"814cf15e-80ae-4778-8c55-1f99ccb5f5ae","Making Patterns with Five Shapes","studentJourneyDraft","title_copying","low","Step 7: studentText contains lesson title","rewrite studentText","yes"
"814cf15e-80ae-4778-8c55-1f99ccb5f5ae","Making Patterns with Five Shapes","studentJourneyDraft","title_copying","low","Step 8: studentText contains lesson title","rewrite studentText","yes"
"814cf15e-80ae-4778-8c55-1f99ccb5f5ae","Making Patterns with Five Shapes","studentJourneyDraft","title_copying","low","Step 9: studentText contains lesson title","rewrite studentText","yes"
"814cf15e-80ae-4778-8c55-1f99ccb5f5ae","Making Patterns with Five Shapes","studentJourneyDraft","title_copying","low","Step 10: studentText contains lesson title","rewrite studentText","yes"
"814cf15e-80ae-4778-8c55-1f99ccb5f5ae","Making Patterns with Five Shapes","studentJourneyDraft","missing_svg","medium","No SVG illustration found in journey","add SVG illustrations","yes"
"814cf15e-80ae-4778-8c55-1f99ccb5f5ae","Making Patterns with Five Shapes","studentJourneyDraft","missing_video","low","No video URL in journey","add relevant YouTube video","yes"
"814cf15e-80ae-4778-8c55-1f99ccb5f5ae","Making Patterns with Five Shapes","studentJourney","title_copying","low","Step 1: studentText contains lesson title","rewrite studentText","yes"
"814cf15e-80ae-4778-8c55-1f99ccb5f5ae","Making Patterns with Five Shapes","studentJourney","title_copying","low","Step 2: studentText contains lesson title","rewrite studentText","yes"
"814cf15e-80ae-4778-8c55-1f99ccb5f5ae","Making Patterns with Five Shapes","studentJourney","title_copying","low","Step 3: studentText contains lesson title","rewrite studentText","yes"
"814cf15e-80ae-4778-8c55-1f99ccb5f5ae","Making Patterns with Five Shapes","studentJourney","title_copying","low","Step 4: studentText contains lesson title","rewrite studentText","yes"
"814cf15e-80ae-4778-8c55-1f99ccb5f5ae","Making Patterns with Five Shapes","studentJourney","title_copying","low","Step 5: studentText contains lesson title","rewrite studentText","yes"
"814cf15e-80ae-4778-8c55-1f99ccb5f5ae","Making Patterns with Five Shapes","studentJourney","title_copying","low","Step 6: studentText contains lesson title","rewrite studentText","yes"
"814cf15e-80ae-4778-8c55-1f99ccb5f5ae","Making Patterns with Five Shapes","studentJourney","title_copying","low","Step 7: studentText contains lesson title","rewrite studentText","yes"
"814cf15e-80ae-4778-8c55-1f99ccb5f5ae","Making Patterns with Five Shapes","studentJourney","title_copying","low","Step 8: studentText contains lesson title","rewrite studentText","yes"
"814cf15e-80ae-4778-8c55-1f99ccb5f5ae","Making Patterns with Five Shapes","studentJourney","title_copying","low","Step 9: studentText contains lesson title","rewrite studentText","yes"
"814cf15e-80ae-4778-8c55-1f99ccb5f5ae","Making Patterns with Five Shapes","studentJourney","title_copying","low","Step 10: studentText contains lesson title","rewrite studentText","yes"
"814cf15e-80ae-4778-8c55-1f99ccb5f5ae","Making Patterns with Five Shapes","studentJourney","missing_svg","medium","No SVG illustration found in journey","add SVG illustrations","yes"
"814cf15e-80ae-4778-8c55-1f99ccb5f5ae","Making Patterns with Five Shapes","studentJourney","missing_video","low","No video URL in journey","add relevant YouTube video","yes"