"grade","subject","strand","sub_strand","learning_outcome","lesson_title","term","week","activity_title","activity_instructions","quest_title","quest_instructions","reflection_prompt","reward_coins","reward_stars","estimated_duration","difficulty","key_inquiry_question","suggested_learning_experience","assessment_hint","values","core_competencies","pertinent_and_contemporary_issues","source_document","source_page_or_section","source_confidence","review_status","existing_match_status","duplicate_risk","notes_for_victor"
"2","Mathematical Activities","Numbers","Number Concept","Learners should be able to demonstrate understanding of counting numbers up to 100 forwards","Counting Numbers up to 100 Forwards","Term 1","Week 1","Activity: Counting Numbers up to 100 Forwards","Engage learners in hands-on activities related to counting numbers up to 100 forwards. Use locally available materials.","Number Concept Quest","Explore number concept through interactive activities and practice.","What did you learn about counting numbers up to 100 forwards today?","10","1","30","Beginner","How do we counting numbers up to 100 forwards?","Use physical objects, group activities, and guided practice for counting numbers up to 100 forwards","Observe learner ability to demonstrate counting numbers up to 100 forwards","Responsibility,Respect","Communication and Collaboration,Critical Thinking and Problem Solving","","SEED_DATA (src/app/api/admin/seed-curriculum/route.ts)","Lines 22-37","MEDIUM — hardcoded seed data, not from official CBC/KICD document","DRAFT","NEEDS_VERIFICATION","LOW — lesson titles match seed data topics","Generated from seed data. Needs official CBC/KICD source verification before final import."
"2","Mathematical Activities","Numbers","Number Concept","Learners should be able to demonstrate understanding of counting numbers up to 100 backwards","Counting Numbers up to 100 Backwards","Term 1","Week 2","Activity: Counting Numbers up to 100 Backwards","Engage learners in hands-on activities related to counting numbers up to 100 backwards. Use locally available materials.","Number Concept Quest","Explore number concept through interactive activities and practice.","What did you learn about counting numbers up to 100 backwards today?","10","1","30","Beginner","How do we counting numbers up to 100 backwards?","Use physical objects, group activities, and guided practice for counting numbers up to 100 backwards","Observe learner ability to demonstrate counting numbers up to 100 backwards","Responsibility,Respect","Communication and Collaboration,Critical Thinking and Problem Solving","","SEED_DATA (src/app/api/admin/seed-curriculum/route.ts)","Lines 22-37","MEDIUM — hardcoded seed data, not from official CBC/KICD document","DRAFT","NEEDS_VERIFICATION","LOW — lesson titles match seed data topics","Generated from seed data. Needs official CBC/KICD source verification before final import."
"2","Mathematical Activities","Numbers","Number Concept","Learners should be able to demonstrate understanding of comparing numbers up to 100","Comparing Numbers up to 100","Term 1","Week 3","Activity: Comparing Numbers up to 100","Engage learners in hands-on activities related to comparing numbers up to 100. Use locally available materials.","Number Concept Quest","Explore number concept through interactive activities and practice.","What did you learn about comparing numbers up to 100 today?","10","1","30","Beginner","How do we comparing numbers up to 100?","Use physical objects, group activities, and guided practice for comparing numbers up to 100","Observe learner ability to demonstrate comparing numbers up to 100","Responsibility,Respect","Communication and Collaboration,Critical Thinking and Problem Solving","","SEED_DATA (src/app/api/admin/seed-curriculum/route.ts)","Lines 22-37","MEDIUM — hardcoded seed data, not from official CBC/KICD document","DRAFT","NEEDS_VERIFICATION","LOW — lesson titles match seed data topics","Generated from seed data. Needs official CBC/KICD source verification before final import."
"2","Mathematical Activities","Numbers","Place Value","Learners should be able to demonstrate understanding of tens and ones","Tens and Ones","Term 1","Week 4","Activity: Tens and Ones","Engage learners in hands-on activities related to tens and ones. Use locally available materials.","Place Value Quest","Explore place value through interactive activities and practice.","What did you learn about tens and ones today?","10","1","30","Beginner","How do we tens and ones?","Use physical objects, group activities, and guided practice for tens and ones","Observe learner ability to demonstrate tens and ones","Responsibility,Respect","Communication and Collaboration,Critical Thinking and Problem Solving","","SEED_DATA (src/app/api/admin/seed-curriculum/route.ts)","Lines 22-37","MEDIUM — hardcoded seed data, not from official CBC/KICD document","DRAFT","NEEDS_VERIFICATION","LOW — lesson titles match seed data topics","Generated from seed data. Needs official CBC/KICD source verification before final import."
"2","Mathematical Activities","Numbers","Place Value","Learners should be able to demonstrate understanding of identifying values of digits up to 100","Identifying Values of Digits up to 100","Term 1","Week 5","Activity: Identifying Values of Digits up to 100","Engage learners in hands-on activities related to identifying values of digits up to 100. Use locally available materials.","Place Value Quest","Explore place value through interactive activities and practice.","What did you learn about identifying values of digits up to 100 today?","10","1","30","Beginner","How do we identifying values of digits up to 100?","Use physical objects, group activities, and guided practice for identifying values of digits up to 100","Observe learner ability to demonstrate identifying values of digits up to 100","Responsibility,Respect","Communication and Collaboration,Critical Thinking and Problem Solving","","SEED_DATA (src/app/api/admin/seed-curriculum/route.ts)","Lines 22-37","MEDIUM — hardcoded seed data, not from official CBC/KICD document","DRAFT","NEEDS_VERIFICATION","LOW — lesson titles match seed data topics","Generated from seed data. Needs official CBC/KICD source verification before final import."
"2","Mathematical Activities","Numbers","Reading and Writing","Learners should be able to demonstrate understanding of writing numbers in digits up to 100","Writing Numbers in Digits up to 100","Term 1","Week 6","Activity: Writing Numbers in Digits up to 100","Engage learners in hands-on activities related to writing numbers in digits up to 100. Use locally available materials.","Reading and Writing Quest","Explore reading and writing through interactive activities and practice.","What did you learn about writing numbers in digits up to 100 today?","10","1","30","Beginner","How do we writing numbers in digits up to 100?","Use physical objects, group activities, and guided practice for writing numbers in digits up to 100","Observe learner ability to demonstrate writing numbers in digits up to 100","Responsibility,Respect","Communication and Collaboration,Critical Thinking and Problem Solving","","SEED_DATA (src/app/api/admin/seed-curriculum/route.ts)","Lines 22-37","MEDIUM — hardcoded seed data, not from official CBC/KICD document","DRAFT","NEEDS_VERIFICATION","LOW — lesson titles match seed data topics","Generated from seed data. Needs official CBC/KICD source verification before final import."
"2","Mathematical Activities","Numbers","Reading and Writing","Learners should be able to demonstrate understanding of writing numbers in words up to 100","Writing Numbers in Words up to 100","Term 1","Week 7","Activity: Writing Numbers in Words up to 100","Engage learners in hands-on activities related to writing numbers in words up to 100. Use locally available materials.","Reading and Writing Quest","Explore reading and writing through interactive activities and practice.","What did you learn about writing numbers in words up to 100 today?","10","1","30","Beginner","How do we writing numbers in words up to 100?","Use physical objects, group activities, and guided practice for writing numbers in words up to 100","Observe learner ability to demonstrate writing numbers in words up to 100","Responsibility,Respect","Communication and Collaboration,Critical Thinking and Problem Solving","","SEED_DATA (src/app/api/admin/seed-curriculum/route.ts)","Lines 22-37","MEDIUM — hardcoded seed data, not from official CBC/KICD document","DRAFT","NEEDS_VERIFICATION","LOW — lesson titles match seed data topics","Generated from seed data. Needs official CBC/KICD source verification before final import."
"2","Mathematical Activities","Numbers","Number Patterns","Learners should be able to demonstrate understanding of completing number patterns","Completing Number Patterns","Term 1","Week 8","Activity: Completing Number Patterns","Engage learners in hands-on activities related to completing number patterns. Use locally available materials.","Number Patterns Quest","Explore number patterns through interactive activities and practice.","What did you learn about completing number patterns today?","10","1","30","Beginner","How do we completing number patterns?","Use physical objects, group activities, and guided practice for completing number patterns","Observe learner ability to demonstrate completing number patterns","Responsibility,Respect","Communication and Collaboration,Critical Thinking and Problem Solving","","SEED_DATA (src/app/api/admin/seed-curriculum/route.ts)","Lines 22-37","MEDIUM — hardcoded seed data, not from official CBC/KICD document","DRAFT","NEEDS_VERIFICATION","LOW — lesson titles match seed data topics","Generated from seed data. Needs official CBC/KICD source verification before final import."
"2","Mathematical Activities","Numbers","Addition","Learners should be able to demonstrate understanding of adding numbers up to a sum of 100","Adding Numbers up to a Sum of 100","Term 1","Week 9","Activity: Adding Numbers up to a Sum of 100","Engage learners in hands-on activities related to adding numbers up to a sum of 100. Use locally available materials.","Addition Quest","Explore addition through interactive activities and practice.","What did you learn about adding numbers up to a sum of 100 today?","10","1","30","Beginner","How do we adding numbers up to a sum of 100?","Use physical objects, group activities, and guided practice for adding numbers up to a sum of 100","Observe learner ability to demonstrate adding numbers up to a sum of 100","Responsibility,Respect","Communication and Collaboration,Critical Thinking and Problem Solving","","SEED_DATA (src/app/api/admin/seed-curriculum/route.ts)","Lines 22-37","MEDIUM — hardcoded seed data, not from official CBC/KICD document","DRAFT","NEEDS_VERIFICATION","LOW — lesson titles match seed data topics","Generated from seed data. Needs official CBC/KICD source verification before final import."
"2","Mathematical Activities","Numbers","Addition","Learners should be able to demonstrate understanding of addition with carrying","Addition with Carrying","Term 1","Week 10","Activity: Addition with Carrying","Engage learners in hands-on activities related to addition with carrying. Use locally available materials.","Addition Quest","Explore addition through interactive activities and practice.","What did you learn about addition with carrying today?","10","1","30","Beginner","How do we addition with carrying?","Use physical objects, group activities, and guided practice for addition with carrying","Observe learner ability to demonstrate addition with carrying","Responsibility,Respect","Communication and Collaboration,Critical Thinking and Problem Solving","","SEED_DATA (src/app/api/admin/seed-curriculum/route.ts)","Lines 22-37","MEDIUM — hardcoded seed data, not from official CBC/KICD document","DRAFT","NEEDS_VERIFICATION","LOW — lesson titles match seed data topics","Generated from seed data. Needs official CBC/KICD source verification before final import."
"2","Mathematical Activities","Numbers","Subtraction","Learners should be able to demonstrate understanding of subtracting numbers within 100","Subtracting Numbers Within 100","Term 1","Week 11","Activity: Subtracting Numbers Within 100","Engage learners in hands-on activities related to subtracting numbers within 100. Use locally available materials.","Subtraction Quest","Explore subtraction through interactive activities and practice.","What did you learn about subtracting numbers within 100 today?","10","1","30","Beginner","How do we subtracting numbers within 100?","Use physical objects, group activities, and guided practice for subtracting numbers within 100","Observe learner ability to demonstrate subtracting numbers within 100","Responsibility,Respect","Communication and Collaboration,Critical Thinking and Problem Solving","","SEED_DATA (src/app/api/admin/seed-curriculum/route.ts)","Lines 22-37","MEDIUM — hardcoded seed data, not from official CBC/KICD document","DRAFT","NEEDS_VERIFICATION","LOW — lesson titles match seed data topics","Generated from seed data. Needs official CBC/KICD source verification before final import."
"2","Mathematical Activities","Numbers","Subtraction","Learners should be able to demonstrate understanding of subtraction with borrowing","Subtraction with Borrowing","Term 1","Week 12","Activity: Subtraction with Borrowing","Engage learners in hands-on activities related to subtraction with borrowing. Use locally available materials.","Subtraction Quest","Explore subtraction through interactive activities and practice.","What did you learn about subtraction with borrowing today?","10","1","30","Beginner","How do we subtraction with borrowing?","Use physical objects, group activities, and guided practice for subtraction with borrowing","Observe learner ability to demonstrate subtraction with borrowing","Responsibility,Respect","Communication and Collaboration,Critical Thinking and Problem Solving","","SEED_DATA (src/app/api/admin/seed-curriculum/route.ts)","Lines 22-37","MEDIUM — hardcoded seed data, not from official CBC/KICD document","DRAFT","NEEDS_VERIFICATION","LOW — lesson titles match seed data topics","Generated from seed data. Needs official CBC/KICD source verification before final import."
"2","Mathematical Activities","Numbers","Multiplication","Learners should be able to demonstrate understanding of introduction to multiplication","Introduction to Multiplication","Term 1","Week 12","Activity: Introduction to Multiplication","Engage learners in hands-on activities related to introduction to multiplication. Use locally available materials.","Multiplication Quest","Explore multiplication through interactive activities and practice.","What did you learn about introduction to multiplication today?","10","1","30","Beginner","How do we introduction to multiplication?","Use physical objects, group activities, and guided practice for introduction to multiplication","Observe learner ability to demonstrate introduction to multiplication","Responsibility,Respect","Communication and Collaboration,Critical Thinking and Problem Solving","","SEED_DATA (src/app/api/admin/seed-curriculum/route.ts)","Lines 22-37","MEDIUM — hardcoded seed data, not from official CBC/KICD document","DRAFT","NEEDS_VERIFICATION","LOW — lesson titles match seed data topics","Generated from seed data. Needs official CBC/KICD source verification before final import."
"2","Mathematical Activities","Numbers","Multiplication","Learners should be able to demonstrate understanding of multiplication facts up to 5 x 5","Multiplication Facts up to 5 x 5","Term 1","Week 12","Activity: Multiplication Facts up to 5 x 5","Engage learners in hands-on activities related to multiplication facts up to 5 x 5. Use locally available materials.","Multiplication Quest","Explore multiplication through interactive activities and practice.","What did you learn about multiplication facts up to 5 x 5 today?","10","1","30","Beginner","How do we multiplication facts up to 5 x 5?","Use physical objects, group activities, and guided practice for multiplication facts up to 5 x 5","Observe learner ability to demonstrate multiplication facts up to 5 x 5","Responsibility,Respect","Communication and Collaboration,Critical Thinking and Problem Solving","","SEED_DATA (src/app/api/admin/seed-curriculum/route.ts)","Lines 22-37","MEDIUM — hardcoded seed data, not from official CBC/KICD document","DRAFT","NEEDS_VERIFICATION","LOW — lesson titles match seed data topics","Generated from seed data. Needs official CBC/KICD source verification before final import."
"2","Mathematical Activities","Numbers","Fractions","Learners should be able to demonstrate understanding of identifying a half","Identifying a Half","Term 1","Week 12","Activity: Identifying a Half","Engage learners in hands-on activities related to identifying a half. Use locally available materials.","Fractions Quest","Explore fractions through interactive activities and practice.","What did you learn about identifying a half today?","10","1","30","Beginner","How do we identifying a half?","Use physical objects, group activities, and guided practice for identifying a half","Observe learner ability to demonstrate identifying a half","Responsibility,Respect","Communication and Collaboration,Critical Thinking and Problem Solving","","SEED_DATA (src/app/api/admin/seed-curriculum/route.ts)","Lines 22-37","MEDIUM — hardcoded seed data, not from official CBC/KICD document","DRAFT","NEEDS_VERIFICATION","LOW — lesson titles match seed data topics","Generated from seed data. Needs official CBC/KICD source verification before final import."
"2","Mathematical Activities","Numbers","Fractions","Learners should be able to demonstrate understanding of identifying a quarter","Identifying a Quarter","Term 1","Week 12","Activity: Identifying a Quarter","Engage learners in hands-on activities related to identifying a quarter. Use locally available materials.","Fractions Quest","Explore fractions through interactive activities and practice.","What did you learn about identifying a quarter today?","10","1","30","Beginner","How do we identifying a quarter?","Use physical objects, group activities, and guided practice for identifying a quarter","Observe learner ability to demonstrate identifying a quarter","Responsibility,Respect","Communication and Collaboration,Critical Thinking and Problem Solving","","SEED_DATA (src/app/api/admin/seed-curriculum/route.ts)","Lines 22-37","MEDIUM — hardcoded seed data, not from official CBC/KICD document","DRAFT","NEEDS_VERIFICATION","LOW — lesson titles match seed data topics","Generated from seed data. Needs official CBC/KICD source verification before final import."
"2","Mathematical Activities","Measurement","Length","Learners should be able to demonstrate understanding of measuring length using non-standard units","Measuring Length Using Non-Standard Units","Term 1","Week 12","Activity: Measuring Length Using Non-Standard Units","Engage learners in hands-on activities related to measuring length using non-standard units. Use locally available materials.","Length Quest","Explore length through interactive activities and practice.","What did you learn about measuring length using non-standard units today?","10","1","30","Beginner","How do we measuring length using non-standard units?","Use physical objects, group activities, and guided practice for measuring length using non-standard units","Observe learner ability to demonstrate measuring length using non-standard units","Responsibility,Respect","Communication and Collaboration,Critical Thinking and Problem Solving","","SEED_DATA (src/app/api/admin/seed-curriculum/route.ts)","Lines 22-37","MEDIUM — hardcoded seed data, not from official CBC/KICD document","DRAFT","NEEDS_VERIFICATION","LOW — lesson titles match seed data topics","Generated from seed data. Needs official CBC/KICD source verification before final import."
"2","Mathematical Activities","Measurement","Length","Learners should be able to demonstrate understanding of measuring length in metres","Measuring Length in Metres","Term 1","Week 12","Activity: Measuring Length in Metres","Engage learners in hands-on activities related to measuring length in metres. Use locally available materials.","Length Quest","Explore length through interactive activities and practice.","What did you learn about measuring length in metres today?","10","1","30","Beginner","How do we measuring length in metres?","Use physical objects, group activities, and guided practice for measuring length in metres","Observe learner ability to demonstrate measuring length in metres","Responsibility,Respect","Communication and Collaboration,Critical Thinking and Problem Solving","","SEED_DATA (src/app/api/admin/seed-curriculum/route.ts)","Lines 22-37","MEDIUM — hardcoded seed data, not from official CBC/KICD document","DRAFT","NEEDS_VERIFICATION","LOW — lesson titles match seed data topics","Generated from seed data. Needs official CBC/KICD source verification before final import."
"2","Mathematical Activities","Measurement","Mass","Learners should be able to demonstrate understanding of comparing mass: heavier, lighter, same","Comparing Mass: Heavier, Lighter, Same","Term 1","Week 12","Activity: Comparing Mass: Heavier, Lighter, Same","Engage learners in hands-on activities related to comparing mass: heavier, lighter, same. Use locally available materials.","Mass Quest","Explore mass through interactive activities and practice.","What did you learn about comparing mass: heavier, lighter, same today?","10","1","30","Beginner","How do we comparing mass: heavier, lighter, same?","Use physical objects, group activities, and guided practice for comparing mass: heavier, lighter, same","Observe learner ability to demonstrate comparing mass: heavier, lighter, same","Responsibility,Respect","Communication and Collaboration,Critical Thinking and Problem Solving","","SEED_DATA (src/app/api/admin/seed-curriculum/route.ts)","Lines 22-37","MEDIUM — hardcoded seed data, not from official CBC/KICD document","DRAFT","NEEDS_VERIFICATION","LOW — lesson titles match seed data topics","Generated from seed data. Needs official CBC/KICD source verification before final import."
"2","Mathematical Activities","Measurement","Capacity","Learners should be able to demonstrate understanding of measuring liquid using smaller containers","Measuring Liquid Using Smaller Containers","Term 1","Week 12","Activity: Measuring Liquid Using Smaller Containers","Engage learners in hands-on activities related to measuring liquid using smaller containers. Use locally available materials.","Capacity Quest","Explore capacity through interactive activities and practice.","What did you learn about measuring liquid using smaller containers today?","10","1","30","Beginner","How do we measuring liquid using smaller containers?","Use physical objects, group activities, and guided practice for measuring liquid using smaller containers","Observe learner ability to demonstrate measuring liquid using smaller containers","Responsibility,Respect","Communication and Collaboration,Critical Thinking and Problem Solving","","SEED_DATA (src/app/api/admin/seed-curriculum/route.ts)","Lines 22-37","MEDIUM — hardcoded seed data, not from official CBC/KICD document","DRAFT","NEEDS_VERIFICATION","LOW — lesson titles match seed data topics","Generated from seed data. Needs official CBC/KICD source verification before final import."
"2","Mathematical Activities","Measurement","Capacity","Learners should be able to demonstrate understanding of comparing how much liquid containers hold","Comparing How Much Liquid Containers Hold","Term 1","Week 12","Activity: Comparing How Much Liquid Containers Hold","Engage learners in hands-on activities related to comparing how much liquid containers hold. Use locally available materials.","Capacity Quest","Explore capacity through interactive activities and practice.","What did you learn about comparing how much liquid containers hold today?","10","1","30","Beginner","How do we comparing how much liquid containers hold?","Use physical objects, group activities, and guided practice for comparing how much liquid containers hold","Observe learner ability to demonstrate comparing how much liquid containers hold","Responsibility,Respect","Communication and Collaboration,Critical Thinking and Problem Solving","","SEED_DATA (src/app/api/admin/seed-curriculum/route.ts)","Lines 22-37","MEDIUM — hardcoded seed data, not from official CBC/KICD document","DRAFT","NEEDS_VERIFICATION","LOW — lesson titles match seed data topics","Generated from seed data. Needs official CBC/KICD source verification before final import."
"2","Mathematical Activities","Measurement","Time","Learners should be able to demonstrate understanding of reading time by the hour","Reading Time by the Hour","Term 1","Week 12","Activity: Reading Time by the Hour","Engage learners in hands-on activities related to reading time by the hour. Use locally available materials.","Time Quest","Explore time through interactive activities and practice.","What did you learn about reading time by the hour today?","10","1","30","Beginner","How do we reading time by the hour?","Use physical objects, group activities, and guided practice for reading time by the hour","Observe learner ability to demonstrate reading time by the hour","Responsibility,Respect","Communication and Collaboration,Critical Thinking and Problem Solving","","SEED_DATA (src/app/api/admin/seed-curriculum/route.ts)","Lines 22-37","MEDIUM — hardcoded seed data, not from official CBC/KICD document","DRAFT","NEEDS_VERIFICATION","LOW — lesson titles match seed data topics","Generated from seed data. Needs official CBC/KICD source verification before final import."
"2","Mathematical Activities","Measurement","Time","Learners should be able to demonstrate understanding of reading time by the half-hour","Reading Time by the Half-Hour","Term 1","Week 12","Activity: Reading Time by the Half-Hour","Engage learners in hands-on activities related to reading time by the half-hour. Use locally available materials.","Time Quest","Explore time through interactive activities and practice.","What did you learn about reading time by the half-hour today?","10","1","30","Beginner","How do we reading time by the half-hour?","Use physical objects, group activities, and guided practice for reading time by the half-hour","Observe learner ability to demonstrate reading time by the half-hour","Responsibility,Respect","Communication and Collaboration,Critical Thinking and Problem Solving","","SEED_DATA (src/app/api/admin/seed-curriculum/route.ts)","Lines 22-37","MEDIUM — hardcoded seed data, not from official CBC/KICD document","DRAFT","NEEDS_VERIFICATION","LOW — lesson titles match seed data topics","Generated from seed data. Needs official CBC/KICD source verification before final import."
"2","Mathematical Activities","Measurement","Time","Learners should be able to demonstrate understanding of identifying days of the week","Identifying Days of the Week","Term 1","Week 12","Activity: Identifying Days of the Week","Engage learners in hands-on activities related to identifying days of the week. Use locally available materials.","Time Quest","Explore time through interactive activities and practice.","What did you learn about identifying days of the week today?","10","1","30","Beginner","How do we identifying days of the week?","Use physical objects, group activities, and guided practice for identifying days of the week","Observe learner ability to demonstrate identifying days of the week","Responsibility,Respect","Communication and Collaboration,Critical Thinking and Problem Solving","","SEED_DATA (src/app/api/admin/seed-curriculum/route.ts)","Lines 22-37","MEDIUM — hardcoded seed data, not from official CBC/KICD document","DRAFT","NEEDS_VERIFICATION","LOW — lesson titles match seed data topics","Generated from seed data. Needs official CBC/KICD source verification before final import."
"2","Mathematical Activities","Measurement","Money","Learners should be able to demonstrate understanding of recognizing kenyan coins up to ksh 100","Recognizing Kenyan Coins up to Ksh 100","Term 1","Week 12","Activity: Recognizing Kenyan Coins up to Ksh 100","Engage learners in hands-on activities related to recognizing kenyan coins up to ksh 100. Use locally available materials.","Money Quest","Explore money through interactive activities and practice.","What did you learn about recognizing kenyan coins up to ksh 100 today?","10","1","30","Beginner","How do we recognizing kenyan coins up to ksh 100?","Use physical objects, group activities, and guided practice for recognizing kenyan coins up to ksh 100","Observe learner ability to demonstrate recognizing kenyan coins up to ksh 100","Responsibility,Respect","Communication and Collaboration,Critical Thinking and Problem Solving","","SEED_DATA (src/app/api/admin/seed-curriculum/route.ts)","Lines 22-37","MEDIUM — hardcoded seed data, not from official CBC/KICD document","DRAFT","NEEDS_VERIFICATION","LOW — lesson titles match seed data topics","Generated from seed data. Needs official CBC/KICD source verification before final import."
"2","Mathematical Activities","Measurement","Money","Learners should be able to demonstrate understanding of simple shopping simulations","Simple Shopping Simulations","Term 1","Week 12","Activity: Simple Shopping Simulations","Engage learners in hands-on activities related to simple shopping simulations. Use locally available materials.","Money Quest","Explore money through interactive activities and practice.","What did you learn about simple shopping simulations today?","10","1","30","Beginner","How do we simple shopping simulations?","Use physical objects, group activities, and guided practice for simple shopping simulations","Observe learner ability to demonstrate simple shopping simulations","Responsibility,Respect","Communication and Collaboration,Critical Thinking and Problem Solving","","SEED_DATA (src/app/api/admin/seed-curriculum/route.ts)","Lines 22-37","MEDIUM — hardcoded seed data, not from official CBC/KICD document","DRAFT","NEEDS_VERIFICATION","LOW — lesson titles match seed data topics","Generated from seed data. Needs official CBC/KICD source verification before final import."
"2","Mathematical Activities","Geometry","Shapes","Learners should be able to demonstrate understanding of recognizing rectangles, squares, circles, triangles","Recognizing Rectangles, Squares, Circles, Triangles","Term 1","Week 12","Activity: Recognizing Rectangles, Squares, Circles, Triangles","Engage learners in hands-on activities related to recognizing rectangles, squares, circles, triangles. Use locally available materials.","Shapes Quest","Explore shapes through interactive activities and practice.","What did you learn about recognizing rectangles, squares, circles, triangles today?","10","1","30","Beginner","How do we recognizing rectangles, squares, circles, triangles?","Use physical objects, group activities, and guided practice for recognizing rectangles, squares, circles, triangles","Observe learner ability to demonstrate recognizing rectangles, squares, circles, triangles","Responsibility,Respect","Communication and Collaboration,Critical Thinking and Problem Solving","","SEED_DATA (src/app/api/admin/seed-curriculum/route.ts)","Lines 22-37","MEDIUM — hardcoded seed data, not from official CBC/KICD document","DRAFT","NEEDS_VERIFICATION","LOW — lesson titles match seed data topics","Generated from seed data. Needs official CBC/KICD source verification before final import."
"2","Mathematical Activities","Geometry","Shapes","Learners should be able to demonstrate understanding of making patterns with shapes","Making Patterns with Shapes","Term 1","Week 12","Activity: Making Patterns with Shapes","Engage learners in hands-on activities related to making patterns with shapes. Use locally available materials.","Shapes Quest","Explore shapes through interactive activities and practice.","What did you learn about making patterns with shapes today?","10","1","30","Beginner","How do we making patterns with shapes?","Use physical objects, group activities, and guided practice for making patterns with shapes","Observe learner ability to demonstrate making patterns with shapes","Responsibility,Respect","Communication and Collaboration,Critical Thinking and Problem Solving","","SEED_DATA (src/app/api/admin/seed-curriculum/route.ts)","Lines 22-37","MEDIUM — hardcoded seed data, not from official CBC/KICD document","DRAFT","NEEDS_VERIFICATION","LOW — lesson titles match seed data topics","Generated from seed data. Needs official CBC/KICD source verification before final import."
